# Blender 5.2.2 LTS
# www.blender.org
mtllib dj_logo.mtl
o Curve.001
v -0.669330 -2.639124 -38.172520
v -0.569550 -2.639124 -38.173641
v -0.448382 -2.639124 -38.175003
v -0.319156 -2.639124 -38.176464
v -0.178739 -2.639124 -38.178051
v -0.019577 -2.639124 -38.179874
v 0.103789 -2.639124 -38.181286
v 0.205509 -2.639124 -38.182442
v 0.554998 -2.639124 -38.108677
v 0.886102 -2.639124 -38.020859
v 1.200129 -2.639124 -37.918045
v 1.498381 -2.639124 -37.799297
v 1.782163 -2.639124 -37.663673
v 2.052776 -2.639124 -37.510239
v 2.311529 -2.639124 -37.338058
v 2.559721 -2.639124 -37.146187
v 2.798657 -2.639124 -36.933685
v 3.029642 -2.639124 -36.699623
v 3.253981 -2.639124 -36.443054
v 3.472978 -2.639124 -36.163040
v 3.589373 -2.639124 -35.974747
v 3.704392 -2.639124 -35.785946
v 3.818134 -2.639124 -35.596653
v 3.930699 -2.639124 -35.406860
v 4.042182 -2.639124 -35.216576
v 4.152690 -2.639124 -35.025791
v 4.262322 -2.639124 -34.834518
v 4.371180 -2.639124 -34.642754
v 4.479362 -2.639124 -34.450497
v 4.586970 -2.639124 -34.257751
v 4.694105 -2.639124 -34.064522
v 4.800871 -2.639124 -33.870804
v 4.841898 -2.639124 -33.798477
v 4.882936 -2.639124 -33.726116
v 4.924003 -2.639124 -33.653698
v 4.965119 -2.639124 -33.581192
v 5.006302 -2.639124 -33.508560
v 5.047569 -2.639124 -33.435780
v 5.088942 -2.639124 -33.362820
v 5.130443 -2.639124 -33.289646
v 5.172083 -2.639124 -33.216236
v 5.213891 -2.639124 -33.142551
v 5.255877 -2.639124 -33.068569
v 5.298069 -2.639124 -32.994247
v 5.386106 -2.639124 -32.838806
v 5.474065 -2.639124 -32.683319
v 5.561946 -2.639124 -32.527790
v 5.649749 -2.639124 -32.372219
v 5.737474 -2.639124 -32.216606
v 5.825126 -2.639124 -32.060959
v 5.912701 -2.639124 -31.905270
v 6.000202 -2.639124 -31.749542
v 6.087632 -2.639124 -31.593775
v 6.174988 -2.639124 -31.437969
v 6.262273 -2.639124 -31.282129
v 6.349484 -2.639124 -31.126251
v 6.531475 -2.639124 -30.802422
v 6.714011 -2.639124 -30.478895
v 6.897044 -2.639124 -30.155636
v 7.080523 -2.639124 -29.832615
v 7.264397 -2.639124 -29.509813
v 7.448618 -2.639124 -29.187195
v 7.633134 -2.639124 -28.864738
v 7.817895 -2.639124 -28.542410
v 8.002846 -2.639124 -28.220186
v 8.187942 -2.639124 -27.898037
v 8.373132 -2.639124 -27.575932
v 8.558356 -2.639124 -27.253847
v 8.701199 -2.639124 -27.005432
v 8.843957 -2.639124 -26.756973
v 8.986643 -2.639124 -26.508469
v 9.129256 -2.639124 -26.259926
v 9.271803 -2.639124 -26.011343
v 9.414293 -2.639124 -25.762732
v 9.556728 -2.639124 -25.514093
v 9.699119 -2.639124 -25.265434
v 9.841470 -2.639124 -25.016756
v 9.983783 -2.639124 -24.768068
v 10.126067 -2.639124 -24.519369
v 10.268334 -2.639124 -24.270664
v 10.537186 -2.639124 -23.801468
v 10.806293 -2.639124 -23.332417
v 11.075650 -2.639124 -22.863499
v 11.345243 -2.639124 -22.394709
v 11.615052 -2.639124 -21.926037
v 11.885068 -2.639124 -21.457481
v 12.155279 -2.639124 -20.989033
v 12.425669 -2.639124 -20.520678
v 12.696226 -2.639124 -20.052412
v 12.966939 -2.639124 -19.584230
v 13.237791 -2.639124 -19.116127
v 13.508772 -2.639124 -18.648096
v 13.551650 -2.639124 -18.574026
v 13.594544 -2.639124 -18.499935
v 13.637479 -2.639124 -18.425787
v 13.680463 -2.639124 -18.351551
v 13.723519 -2.639124 -18.277197
v 13.766660 -2.639124 -18.202686
v 13.809906 -2.639124 -18.127993
v 13.853281 -2.639124 -18.053082
v 13.896794 -2.639124 -17.977924
v 13.940465 -2.639124 -17.902483
v 13.984313 -2.639124 -17.826729
v 14.028351 -2.639124 -17.750631
v 14.157666 -2.639124 -17.527479
v 14.286982 -2.639124 -17.304340
v 14.416296 -2.639124 -17.081205
v 14.545611 -2.639124 -16.858076
v 14.674927 -2.639124 -16.634949
v 14.804241 -2.639124 -16.411819
v 14.933557 -2.639124 -16.188690
v 15.062872 -2.639124 -15.965562
v 15.192186 -2.639124 -15.742434
v 15.321502 -2.639124 -15.519300
v 15.450817 -2.639124 -15.296160
v 15.580132 -2.639124 -15.073009
v 16.118313 -2.639124 -14.144341
v 16.656271 -2.639124 -13.215544
v 17.193972 -2.639124 -12.286602
v 17.731377 -2.639124 -11.357492
v 18.268448 -2.639124 -10.428194
v 18.805151 -2.639124 -9.498690
v 19.341454 -2.639124 -8.568956
v 19.877308 -2.639124 -7.638972
v 20.412691 -2.639124 -6.708720
v 20.947554 -2.639124 -5.778178
v 21.481871 -2.639124 -4.847323
v 22.015591 -2.639124 -3.916135
v 22.388241 -2.639124 -3.265723
v 22.761036 -2.639124 -2.615390
v 23.133993 -2.639124 -1.965140
v 23.507124 -2.639124 -1.314985
v 23.880449 -2.639124 -0.664934
v 24.253975 -2.639124 -0.014991
v 24.627724 -2.639124 0.634833
v 25.001707 -2.639124 1.284530
v 25.375942 -2.639124 1.934091
v 25.750437 -2.639124 2.583510
v 26.125212 -2.639124 3.232776
v 26.500273 -2.639124 3.881888
v 26.543629 -2.639124 3.956911
v 26.587004 -2.639124 4.031967
v 26.630417 -2.639124 4.107085
v 26.673887 -2.639124 4.182298
v 26.717434 -2.639124 4.257636
v 26.761076 -2.639124 4.333133
v 26.804831 -2.639124 4.408816
v 26.848717 -2.639124 4.484724
v 26.892761 -2.639124 4.560881
v 26.936972 -2.639124 4.637323
v 26.981373 -2.639124 4.714080
v 27.025986 -2.639124 4.791180
v 27.296335 -2.639124 5.257118
v 27.567354 -2.639124 5.722606
v 27.839100 -2.639124 6.187629
v 28.111620 -2.639124 6.652172
v 28.384970 -2.639124 7.116217
v 28.659206 -2.639124 7.579745
v 28.934380 -2.639124 8.042741
v 29.210546 -2.639124 8.505188
v 29.487755 -2.639124 8.967069
v 29.766062 -2.639124 9.428367
v 30.045519 -2.639124 9.889063
v 30.326189 -2.639124 10.349140
v 30.503122 -2.639124 10.681892
v 30.655148 -2.639124 11.013656
v 30.783258 -2.639124 11.345301
v 30.888458 -2.639124 11.677703
v 30.971745 -2.639124 12.011735
v 31.034115 -2.639124 12.348273
v 31.076576 -2.639124 12.688189
v 31.100117 -2.639124 13.032357
v 31.105738 -2.639124 13.381654
v 31.094440 -2.639124 13.736949
v 31.067225 -2.639124 14.099120
v 31.025087 -2.639124 14.469038
v 30.888865 -2.639124 14.835784
v 30.739666 -2.639124 15.177720
v 30.576210 -2.639124 15.496764
v 30.397221 -2.639124 15.794829
v 30.201408 -2.639124 16.073832
v 29.987501 -2.639124 16.335684
v 29.754213 -2.639124 16.582300
v 29.500267 -2.639124 16.815599
v 29.224380 -2.639124 17.037491
v 28.925274 -2.639124 17.249891
v 28.601669 -2.639124 17.454714
v 28.252287 -2.639124 17.653879
v 27.823437 -2.639124 17.789612
v 27.388811 -2.639124 17.896624
v 26.949205 -2.639124 17.978075
v 26.505407 -2.639124 18.037127
v 26.058207 -2.639124 18.076935
v 25.608398 -2.639124 18.100660
v 25.156771 -2.639124 18.111458
v 24.704119 -2.639124 18.112490
v 24.251232 -2.639124 18.106913
v 23.798903 -2.639124 18.097889
v 23.347921 -2.639124 18.088573
v 22.899088 -2.639124 18.082127
v 22.787416 -2.639124 18.082134
v 22.675749 -2.639124 18.082159
v 22.564087 -2.639124 18.082203
v 22.452431 -2.639124 18.082266
v 22.340775 -2.639124 18.082346
v 22.229122 -2.639124 18.082443
v 22.117472 -2.639124 18.082558
v 22.005816 -2.639124 18.082689
v 21.894159 -2.639124 18.082840
v 21.782497 -2.639124 18.083006
v 21.670830 -2.639124 18.083191
v 21.559156 -2.639124 18.083397
v 21.325930 -2.639124 18.083416
v 21.092720 -2.639124 18.083260
v 20.859522 -2.639124 18.082933
v 20.626335 -2.639124 18.082441
v 20.393152 -2.639124 18.081785
v 20.159971 -2.639124 18.080969
v 19.926788 -2.639124 18.079992
v 19.693607 -2.639124 18.078861
v 19.460419 -2.639124 18.077579
v 19.227221 -2.639124 18.076145
v 18.994011 -2.639124 18.074566
v 18.760796 -2.639124 18.072842
v 18.462828 -2.639124 18.070774
v 18.164871 -2.639124 18.069096
v 17.866915 -2.639124 18.067785
v 17.568964 -2.639124 18.066818
v 17.271013 -2.639124 18.066168
v 16.973057 -2.639124 18.065817
v 16.675100 -2.639124 18.065739
v 16.377132 -2.639124 18.065908
v 16.079159 -2.639124 18.066305
v 15.781175 -2.639124 18.066904
v 15.483179 -2.639124 18.067682
v 15.185166 -2.639124 18.068609
v 14.954889 -2.639124 18.069092
v 14.724602 -2.639124 18.069386
v 14.494308 -2.639124 18.069500
v 14.264009 -2.639124 18.069448
v 14.033710 -2.639124 18.069246
v 13.803411 -2.639124 18.068903
v 13.573112 -2.639124 18.068432
v 13.342812 -2.639124 18.067846
v 13.112513 -2.639124 18.067158
v 12.882219 -2.639124 18.066380
v 12.651931 -2.639124 18.065523
v 12.421655 -2.639124 18.064600
v 12.311821 -2.639124 18.064259
v 12.201988 -2.639124 18.063969
v 12.092155 -2.639124 18.063734
v 11.982322 -2.639124 18.063553
v 11.872483 -2.639124 18.063427
v 11.762639 -2.639124 18.063360
v 11.652795 -2.639124 18.063349
v 11.542946 -2.639124 18.063396
v 11.433090 -2.639124 18.063503
v 11.323229 -2.639124 18.063667
v 11.213357 -2.639124 18.063890
v 11.103474 -2.639124 18.064177
v 10.949709 -2.639124 18.064301
v 10.795943 -2.639124 18.064156
v 10.642179 -2.639124 18.063766
v 10.488414 -2.639124 18.063160
v 10.334648 -2.639124 18.062357
v 10.180883 -2.639124 18.061378
v 10.027118 -2.639124 18.060251
v 9.873353 -2.639124 18.059000
v 9.719587 -2.639124 18.057646
v 9.565823 -2.639124 18.056210
v 9.412058 -2.639124 18.054718
v 9.258315 -2.639124 18.053198
v 9.171075 -2.639124 18.052773
v 9.083791 -2.639124 18.052338
v 8.996428 -2.639124 18.051897
v 8.908949 -2.639124 18.051453
v 8.821319 -2.639124 18.051006
v 8.733504 -2.639124 18.050558
v 8.645473 -2.639124 18.050110
v 8.557185 -2.639124 18.049664
v 8.468607 -2.639124 18.049219
v 8.379701 -2.639124 18.048779
v 8.290437 -2.639124 18.048344
v 8.200771 -2.639124 18.047918
v 7.822673 -2.639124 17.992092
v 7.454082 -2.639124 17.918692
v 7.095394 -2.639124 17.827089
v 6.747009 -2.639124 17.716654
v 6.409319 -2.639124 17.586760
v 6.082725 -2.639124 17.436775
v 5.767628 -2.639124 17.266075
v 5.464419 -2.639124 17.074030
v 5.173500 -2.639124 16.860012
v 4.895265 -2.639124 16.623392
v 4.630116 -2.639124 16.363541
v 4.378445 -2.639124 16.079828
v 4.135517 -2.639124 15.713453
v 3.932154 -2.639124 15.349998
v 3.764444 -2.639124 14.987651
v 3.628482 -2.639124 14.624610
v 3.520361 -2.639124 14.259068
v 3.436171 -2.639124 13.889220
v 3.372005 -2.639124 13.513254
v 3.323946 -2.639124 13.129369
v 3.288094 -2.639124 12.735753
v 3.260538 -2.639124 12.330604
v 3.237365 -2.639124 11.912111
v 3.214665 -2.639124 11.478472
v 3.208749 -2.639124 11.380114
v 3.202833 -2.639124 11.281714
v 3.196912 -2.639124 11.183230
v 3.190979 -2.639124 11.084624
v 3.185035 -2.639124 10.985854
v 3.179075 -2.639124 10.886880
v 3.173097 -2.639124 10.787658
v 3.167103 -2.639124 10.688148
v 3.161081 -2.639124 10.588313
v 3.155037 -2.639124 10.488107
v 3.148960 -2.639124 10.387490
v 3.142854 -2.639124 10.286423
v 3.131067 -2.639124 10.081218
v 3.119357 -2.639124 9.876013
v 3.107732 -2.639124 9.670808
v 3.096195 -2.639124 9.465599
v 3.084748 -2.639124 9.260388
v 3.073390 -2.639124 9.055176
v 3.062121 -2.639124 8.849957
v 3.050947 -2.639124 8.644732
v 3.039874 -2.639124 8.439502
v 3.028900 -2.639124 8.234265
v 3.018028 -2.639124 8.029021
v 3.007255 -2.639124 7.823778
v 2.969930 -2.639124 7.080386
v 2.934875 -2.639124 6.449833
v 2.897701 -2.639124 5.910450
v 2.854020 -2.639124 5.440574
v 2.799443 -2.639124 5.018536
v 2.729589 -2.639124 4.622670
v 2.640069 -2.639124 4.231309
v 2.526500 -2.639124 3.822787
v 2.384494 -2.639124 3.375437
v 2.209664 -2.639124 2.867591
v 1.997625 -2.639124 2.277583
v 1.743986 -2.639124 1.583747
v 1.409569 -2.639124 1.412839
v 1.074878 -2.639124 1.270125
v 0.739218 -2.639124 1.153612
v 0.401901 -2.639124 1.061307
v 0.062238 -2.639124 0.991216
v -0.280465 -2.639124 0.941345
v -0.626892 -2.639124 0.909699
v -0.977736 -2.639124 0.894288
v -1.333687 -2.639124 0.893114
v -1.695437 -2.639124 0.904188
v -2.063671 -2.639124 0.925513
v -2.439087 -2.639124 0.955098
v -2.685997 -2.639124 1.015652
v -2.894918 -2.639124 1.068566
v -3.072559 -2.639124 1.117121
v -3.225616 -2.639124 1.164585
v -3.360797 -2.639124 1.214235
v -3.484804 -2.639124 1.269344
v -3.604339 -2.639124 1.333185
v -3.726110 -2.639124 1.409033
v -3.856813 -2.639124 1.500162
v -4.003157 -2.639124 1.609845
v -4.171843 -2.639124 1.741354
v -4.369574 -2.639124 1.897963
v -4.665445 -2.639124 2.530860
v -4.912533 -2.639124 3.173995
v -5.116035 -2.639124 3.826330
v -5.281147 -2.639124 4.486834
v -5.413065 -2.639124 5.154469
v -5.516994 -2.639124 5.828204
v -5.598128 -2.639124 6.507002
v -5.661670 -2.639124 7.189829
v -5.712812 -2.639124 7.875649
v -5.756755 -2.639124 8.563430
v -5.798697 -2.639124 9.252136
v -5.843839 -2.639124 9.940737
v -5.928101 -2.639124 11.092216
v -6.003280 -2.639124 12.058408
v -6.075432 -2.639124 12.862670
v -6.150605 -2.639124 13.528365
v -6.234862 -2.639124 14.078857
v -6.334251 -2.639124 14.537507
v -6.454829 -2.639124 14.927677
v -6.602644 -2.639124 15.272727
v -6.783759 -2.639124 15.596023
v -7.004223 -2.639124 15.920925
v -7.270090 -2.639124 16.270792
v -7.587406 -2.639124 16.668989
v -8.098892 -2.639124 17.022341
v -8.609356 -2.639124 17.312826
v -9.120956 -2.639124 17.546501
v -9.635858 -2.639124 17.729429
v -10.156221 -2.639124 17.867668
v -10.684209 -2.639124 17.967278
v -11.221983 -2.639124 18.034319
v -11.771706 -2.639124 18.074852
v -12.335538 -2.639124 18.094936
v -12.915644 -2.639124 18.100632
v -13.514183 -2.639124 18.098000
v -14.133322 -2.639124 18.093105
v -14.275964 -2.639124 18.093494
v -14.397146 -2.639124 18.093826
v -14.501214 -2.639124 18.094114
v -14.592507 -2.639124 18.094368
v -14.675372 -2.639124 18.094599
v -14.754156 -2.639124 18.094822
v -14.833200 -2.639124 18.095051
v -14.916845 -2.639124 18.095297
v -15.009439 -2.639124 18.095572
v -15.115324 -2.639124 18.095890
v -15.238843 -2.639124 18.096260
v -15.384338 -2.639124 18.096695
v -15.602090 -2.639124 18.097075
v -15.819826 -2.639124 18.097267
v -16.037550 -2.639124 18.097275
v -16.255260 -2.639124 18.097105
v -16.472963 -2.639124 18.096762
v -16.690662 -2.639124 18.096252
v -16.908354 -2.639124 18.095577
v -17.126043 -2.639124 18.094748
v -17.343733 -2.639124 18.093763
v -17.561426 -2.639124 18.092630
v -17.779123 -2.639124 18.091356
v -17.996830 -2.639124 18.089943
v -18.274620 -2.639124 18.088383
v -18.552395 -2.639124 18.087267
v -18.830158 -2.639124 18.086569
v -19.107914 -2.639124 18.086266
v -19.385664 -2.639124 18.086325
v -19.663410 -2.639124 18.086720
v -19.941158 -2.639124 18.087423
v -20.218908 -2.639124 18.088408
v -20.496662 -2.639124 18.089642
v -20.774426 -2.639124 18.091103
v -21.052200 -2.639124 18.092758
v -21.329985 -2.639124 18.094587
v -21.596693 -2.639124 18.095772
v -21.863403 -2.639124 18.096607
v -22.130112 -2.639124 18.097118
v -22.396822 -2.639124 18.097351
v -22.663532 -2.639124 18.097332
v -22.930241 -2.639124 18.097097
v -23.196951 -2.639124 18.096682
v -23.463659 -2.639124 18.096121
v -23.730370 -2.639124 18.095449
v -23.997080 -2.639124 18.094700
v -24.263788 -2.639124 18.093908
v -24.530499 -2.639124 18.093105
v -24.629663 -2.639124 18.093740
v -24.728867 -2.639124 18.094376
v -24.828148 -2.639124 18.095011
v -24.927549 -2.639124 18.095648
v -25.027113 -2.639124 18.096279
v -25.126884 -2.639124 18.096912
v -25.226908 -2.639124 18.097546
v -25.327225 -2.639124 18.098179
v -25.427881 -2.639124 18.098812
v -25.528915 -2.639124 18.099443
v -25.630373 -2.639124 18.100077
v -25.732300 -2.639124 18.100710
v -26.260002 -2.639124 18.092257
v -26.760023 -2.639124 18.075943
v -27.236176 -2.639124 18.048080
v -27.692268 -2.639124 18.004982
v -28.132118 -2.639124 17.942955
v -28.559542 -2.639124 17.858316
v -28.978348 -2.639124 17.747374
v -29.392351 -2.639124 17.606440
v -29.805368 -2.639124 17.431820
v -30.221210 -2.639124 17.219831
v -30.643690 -2.639124 16.966785
v -31.076624 -2.639124 16.668989
v -31.302771 -2.639124 16.421251
v -31.503546 -2.639124 16.170097
v -31.680992 -2.639124 15.914803
v -31.837137 -2.639124 15.654631
v -31.974035 -2.639124 15.388855
v -32.093723 -2.639124 15.116743
v -32.198231 -2.639124 14.837565
v -32.289612 -2.639124 14.550593
v -32.369900 -2.639124 14.255095
v -32.441135 -2.639124 13.950342
v -32.505363 -2.639124 13.635603
v -32.564617 -2.639124 13.310143
v -32.514339 -2.639124 12.840015
v -32.428669 -2.639124 12.381639
v -32.311287 -2.639124 11.933826
v -32.165852 -2.639124 11.495392
v -31.996038 -2.639124 11.065154
v -31.805523 -2.639124 10.641925
v -31.597965 -2.639124 10.224520
v -31.377041 -2.639124 9.811753
v -31.146420 -2.639124 9.402445
v -30.909769 -2.639124 8.995405
v -30.670759 -2.639124 8.589450
v -30.416637 -2.639124 8.154994
v -30.350935 -2.639124 8.041313
v -30.268608 -2.639124 7.898826
v -30.185884 -2.639124 7.755635
v -30.119223 -2.639124 7.640265
v -30.052013 -2.639124 7.523975
v -29.837332 -2.639124 7.153728
v -29.639235 -2.639124 6.812862
v -29.440851 -2.639124 6.472167
v -29.242201 -2.639124 6.131630
v -29.043295 -2.639124 5.791239
v -28.844154 -2.639124 5.450984
v -28.644793 -2.639124 5.110852
v -28.445227 -2.639124 4.770831
v -28.245476 -2.639124 4.430911
v -28.045551 -2.639124 4.091077
v -27.845472 -2.639124 3.751321
v -27.645256 -2.639124 3.411621
v -27.368189 -2.639124 2.940233
v -27.091908 -2.639124 2.468425
v -26.816355 -2.639124 1.996226
v -26.541475 -2.639124 1.523667
v -26.267206 -2.639124 1.050777
v -25.993494 -2.639124 0.577582
v -25.720278 -2.639124 0.104115
v -25.447502 -2.639124 -0.369595
v -25.175104 -2.639124 -0.843520
v -24.903032 -2.639124 -1.317628
v -24.631226 -2.639124 -1.791893
v -24.359623 -2.639124 -2.266281
v -24.312576 -2.639124 -2.348379
v -24.265520 -2.639124 -2.430512
v -24.218426 -2.639124 -2.512716
v -24.171280 -2.639124 -2.595027
v -24.124056 -2.639124 -2.677477
v -24.076733 -2.639124 -2.760100
v -24.029293 -2.639124 -2.842935
v -23.981712 -2.639124 -2.926020
v -23.933969 -2.639124 -3.009385
v -23.886044 -2.639124 -3.093067
v -23.837917 -2.639124 -3.177101
v -23.789562 -2.639124 -3.261513
v -23.551563 -2.639124 -3.677277
v -23.313643 -2.639124 -4.093090
v -23.075796 -2.639124 -4.508953
v -22.838022 -2.639124 -4.924861
v -22.600319 -2.639124 -5.340814
v -22.362684 -2.639124 -5.756811
v -22.125114 -2.639124 -6.172847
v -21.887608 -2.639124 -6.588917
v -21.650166 -2.639124 -7.005026
v -21.412783 -2.639124 -7.421168
v -21.175455 -2.639124 -7.837338
v -20.938187 -2.639124 -8.253536
v -20.475218 -2.639124 -9.063724
v -20.011240 -2.639124 -9.873219
v -19.546137 -2.639124 -10.681979
v -19.079784 -2.639124 -11.489969
v -18.612066 -2.639124 -12.297146
v -18.142860 -2.639124 -13.103469
v -17.672047 -2.639124 -13.908900
v -17.199509 -2.639124 -14.713400
v -16.725126 -2.639124 -15.516924
v -16.248779 -2.639124 -16.319433
v -15.770347 -2.639124 -17.120890
v -15.289711 -2.639124 -17.921251
v -14.917306 -2.639124 -18.542089
v -14.547229 -2.639124 -19.163906
v -14.179440 -2.639124 -19.786739
v -13.813904 -2.639124 -20.410633
v -13.450580 -2.639124 -21.035618
v -13.089426 -2.639124 -21.661736
v -12.730409 -2.639124 -22.289024
v -12.373485 -2.639124 -22.917517
v -12.018619 -2.639124 -23.547258
v -11.665771 -2.639124 -24.178284
v -11.314898 -2.639124 -24.810635
v -10.965971 -2.639124 -25.444340
v -10.599074 -2.639124 -26.109411
v -10.231236 -2.639124 -26.773918
v -9.862363 -2.639124 -27.437822
v -9.492369 -2.639124 -28.101086
v -9.121162 -2.639124 -28.763676
v -8.748657 -2.639124 -29.425556
v -8.374761 -2.639124 -30.086691
v -7.999383 -2.639124 -30.747038
v -7.622434 -2.639124 -31.406565
v -7.243828 -2.639124 -32.065235
v -6.863472 -2.639124 -32.723007
v -6.481281 -2.639124 -33.379841
v -6.435654 -2.639124 -33.459831
v -6.390010 -2.639124 -33.539864
v -6.344327 -2.639124 -33.619965
v -6.298583 -2.639124 -33.700172
v -6.252760 -2.639124 -33.780521
v -6.206838 -2.639124 -33.861038
v -6.160798 -2.639124 -33.941757
v -6.114619 -2.639124 -34.022713
v -6.068284 -2.639124 -34.103935
v -6.021770 -2.639124 -34.185455
v -5.975055 -2.639124 -34.267311
v -5.928118 -2.639124 -34.349525
v -5.604089 -2.639124 -34.891716
v -5.282273 -2.639124 -35.405773
v -4.955779 -2.639124 -35.887947
v -4.617716 -2.639124 -36.334473
v -4.261185 -2.639124 -36.741596
v -3.879295 -2.639124 -37.105560
v -3.465149 -2.639124 -37.422604
v -3.011855 -2.639124 -37.688972
v -2.512521 -2.639124 -37.900906
v -1.960250 -2.639124 -38.054649
v -1.348151 -2.639124 -38.146439
v -0.669330 2.639135 -38.172520
v -0.569550 2.639135 -38.173641
v -0.448382 2.639135 -38.175003
v -0.319156 2.639135 -38.176464
v -0.178739 2.639135 -38.178051
v -0.019577 2.639135 -38.179874
v 0.103789 2.639135 -38.181286
v 0.205509 2.639135 -38.182442
v 0.554998 2.639135 -38.108677
v 0.886102 2.639135 -38.020859
v 1.200129 2.639135 -37.918045
v 1.498381 2.639135 -37.799297
v 1.782163 2.639135 -37.663673
v 2.052776 2.639135 -37.510239
v 2.311529 2.639135 -37.338058
v 2.559721 2.639135 -37.146187
v 2.798657 2.639135 -36.933685
v 3.029642 2.639135 -36.699623
v 3.253981 2.639135 -36.443054
v 3.472978 2.639135 -36.163040
v 3.589373 2.639135 -35.974747
v 3.704392 2.639135 -35.785946
v 3.818134 2.639135 -35.596653
v 3.930699 2.639135 -35.406860
v 4.042182 2.639135 -35.216576
v 4.152690 2.639135 -35.025791
v 4.262322 2.639135 -34.834518
v 4.371180 2.639135 -34.642754
v 4.479362 2.639135 -34.450497
v 4.586970 2.639135 -34.257751
v 4.694105 2.639135 -34.064522
v 4.800871 2.639135 -33.870804
v 4.841898 2.639135 -33.798477
v 4.882936 2.639135 -33.726116
v 4.924003 2.639135 -33.653698
v 4.965119 2.639135 -33.581192
v 5.006302 2.639135 -33.508560
v 5.047569 2.639135 -33.435780
v 5.088942 2.639135 -33.362820
v 5.130443 2.639135 -33.289646
v 5.172083 2.639135 -33.216236
v 5.213891 2.639135 -33.142551
v 5.255877 2.639135 -33.068569
v 5.298069 2.639135 -32.994247
v 5.386106 2.639135 -32.838806
v 5.474065 2.639135 -32.683319
v 5.561946 2.639135 -32.527790
v 5.649749 2.639135 -32.372219
v 5.737474 2.639135 -32.216606
v 5.825126 2.639135 -32.060959
v 5.912701 2.639135 -31.905270
v 6.000202 2.639135 -31.749542
v 6.087632 2.639135 -31.593775
v 6.174988 2.639135 -31.437969
v 6.262273 2.639135 -31.282129
v 6.349484 2.639135 -31.126251
v 6.531475 2.639135 -30.802422
v 6.714011 2.639135 -30.478895
v 6.897044 2.639135 -30.155636
v 7.080523 2.639135 -29.832615
v 7.264397 2.639135 -29.509813
v 7.448618 2.639135 -29.187195
v 7.633134 2.639135 -28.864738
v 7.817895 2.639135 -28.542410
v 8.002846 2.639135 -28.220186
v 8.187942 2.639135 -27.898037
v 8.373132 2.639135 -27.575932
v 8.558356 2.639135 -27.253847
v 8.701199 2.639135 -27.005432
v 8.843957 2.639135 -26.756973
v 8.986643 2.639135 -26.508469
v 9.129256 2.639135 -26.259926
v 9.271803 2.639135 -26.011343
v 9.414293 2.639135 -25.762732
v 9.556728 2.639135 -25.514093
v 9.699119 2.639135 -25.265434
v 9.841470 2.639135 -25.016756
v 9.983783 2.639135 -24.768068
v 10.126067 2.639135 -24.519369
v 10.268334 2.639135 -24.270664
v 10.537186 2.639135 -23.801468
v 10.806293 2.639135 -23.332417
v 11.075650 2.639135 -22.863499
v 11.345243 2.639135 -22.394709
v 11.615052 2.639135 -21.926037
v 11.885068 2.639135 -21.457481
v 12.155279 2.639135 -20.989033
v 12.425669 2.639135 -20.520678
v 12.696226 2.639135 -20.052412
v 12.966939 2.639135 -19.584230
v 13.237791 2.639135 -19.116127
v 13.508772 2.639135 -18.648096
v 13.551650 2.639135 -18.574026
v 13.594544 2.639135 -18.499935
v 13.637479 2.639135 -18.425787
v 13.680463 2.639135 -18.351551
v 13.723519 2.639135 -18.277197
v 13.766660 2.639135 -18.202686
v 13.809906 2.639135 -18.127993
v 13.853281 2.639135 -18.053082
v 13.896794 2.639135 -17.977924
v 13.940465 2.639135 -17.902483
v 13.984313 2.639135 -17.826729
v 14.028351 2.639135 -17.750631
v 14.157666 2.639135 -17.527479
v 14.286982 2.639135 -17.304340
v 14.416296 2.639135 -17.081205
v 14.545611 2.639135 -16.858076
v 14.674927 2.639135 -16.634949
v 14.804241 2.639135 -16.411819
v 14.933557 2.639135 -16.188690
v 15.062872 2.639135 -15.965562
v 15.192186 2.639135 -15.742434
v 15.321502 2.639135 -15.519300
v 15.450817 2.639135 -15.296160
v 15.580132 2.639135 -15.073009
v 16.118313 2.639135 -14.144341
v 16.656271 2.639135 -13.215544
v 17.193972 2.639135 -12.286602
v 17.731377 2.639135 -11.357492
v 18.268448 2.639135 -10.428194
v 18.805151 2.639135 -9.498690
v 19.341454 2.639135 -8.568956
v 19.877308 2.639135 -7.638972
v 20.412691 2.639135 -6.708720
v 20.947554 2.639135 -5.778178
v 21.481871 2.639135 -4.847323
v 22.015591 2.639135 -3.916135
v 22.388241 2.639135 -3.265723
v 22.761036 2.639135 -2.615390
v 23.133993 2.639135 -1.965140
v 23.507124 2.639135 -1.314985
v 23.880449 2.639135 -0.664934
v 24.253975 2.639135 -0.014991
v 24.627724 2.639135 0.634833
v 25.001707 2.639135 1.284530
v 25.375942 2.639135 1.934091
v 25.750437 2.639135 2.583510
v 26.125212 2.639135 3.232776
v 26.500273 2.639135 3.881888
v 26.543629 2.639135 3.956911
v 26.587004 2.639135 4.031967
v 26.630417 2.639135 4.107085
v 26.673887 2.639135 4.182298
v 26.717434 2.639135 4.257636
v 26.761076 2.639135 4.333133
v 26.804831 2.639135 4.408816
v 26.848717 2.639135 4.484724
v 26.892761 2.639135 4.560881
v 26.936972 2.639135 4.637323
v 26.981373 2.639135 4.714080
v 27.025986 2.639135 4.791180
v 27.296335 2.639135 5.257118
v 27.567354 2.639135 5.722606
v 27.839100 2.639135 6.187629
v 28.111620 2.639135 6.652172
v 28.384970 2.639135 7.116217
v 28.659206 2.639135 7.579745
v 28.934380 2.639135 8.042741
v 29.210546 2.639135 8.505188
v 29.487755 2.639135 8.967069
v 29.766062 2.639135 9.428367
v 30.045519 2.639135 9.889063
v 30.326189 2.639135 10.349140
v 30.503122 2.639135 10.681892
v 30.655148 2.639135 11.013656
v 30.783258 2.639135 11.345301
v 30.888458 2.639135 11.677703
v 30.971745 2.639135 12.011735
v 31.034115 2.639135 12.348273
v 31.076576 2.639135 12.688189
v 31.100117 2.639135 13.032357
v 31.105738 2.639135 13.381654
v 31.094440 2.639135 13.736949
v 31.067225 2.639135 14.099120
v 31.025087 2.639135 14.469038
v 30.888865 2.639135 14.835784
v 30.739666 2.639135 15.177720
v 30.576210 2.639135 15.496764
v 30.397221 2.639135 15.794829
v 30.201408 2.639135 16.073832
v 29.987501 2.639135 16.335684
v 29.754213 2.639135 16.582300
v 29.500267 2.639135 16.815599
v 29.224380 2.639135 17.037491
v 28.925274 2.639135 17.249891
v 28.601669 2.639135 17.454714
v 28.252287 2.639135 17.653879
v 27.823437 2.639135 17.789612
v 27.388811 2.639135 17.896624
v 26.949205 2.639135 17.978075
v 26.505407 2.639135 18.037127
v 26.058207 2.639135 18.076935
v 25.608398 2.639135 18.100660
v 25.156771 2.639135 18.111458
v 24.704119 2.639135 18.112490
v 24.251232 2.639135 18.106913
v 23.798903 2.639135 18.097889
v 23.347921 2.639135 18.088573
v 22.899088 2.639135 18.082127
v 22.787416 2.639135 18.082134
v 22.675749 2.639135 18.082159
v 22.564087 2.639135 18.082203
v 22.452431 2.639135 18.082266
v 22.340775 2.639135 18.082346
v 22.229122 2.639135 18.082443
v 22.117472 2.639135 18.082558
v 22.005816 2.639135 18.082689
v 21.894159 2.639135 18.082840
v 21.782497 2.639135 18.083006
v 21.670830 2.639135 18.083191
v 21.559156 2.639135 18.083397
v 21.325930 2.639135 18.083416
v 21.092720 2.639135 18.083260
v 20.859522 2.639135 18.082933
v 20.626335 2.639135 18.082441
v 20.393152 2.639135 18.081785
v 20.159971 2.639135 18.080969
v 19.926788 2.639135 18.079992
v 19.693607 2.639135 18.078861
v 19.460419 2.639135 18.077579
v 19.227221 2.639135 18.076145
v 18.994011 2.639135 18.074566
v 18.760796 2.639135 18.072842
v 18.462828 2.639135 18.070774
v 18.164871 2.639135 18.069096
v 17.866915 2.639135 18.067785
v 17.568964 2.639135 18.066818
v 17.271013 2.639135 18.066168
v 16.973057 2.639135 18.065817
v 16.675100 2.639135 18.065739
v 16.377132 2.639135 18.065908
v 16.079159 2.639135 18.066305
v 15.781175 2.639135 18.066904
v 15.483179 2.639135 18.067682
v 15.185166 2.639135 18.068609
v 14.954889 2.639135 18.069092
v 14.724602 2.639135 18.069386
v 14.494308 2.639135 18.069500
v 14.264009 2.639135 18.069448
v 14.033710 2.639135 18.069246
v 13.803411 2.639135 18.068903
v 13.573112 2.639135 18.068432
v 13.342812 2.639135 18.067846
v 13.112513 2.639135 18.067158
v 12.882219 2.639135 18.066380
v 12.651931 2.639135 18.065523
v 12.421655 2.639135 18.064600
v 12.311821 2.639135 18.064259
v 12.201988 2.639135 18.063969
v 12.092155 2.639135 18.063734
v 11.982322 2.639135 18.063553
v 11.872483 2.639135 18.063427
v 11.762639 2.639135 18.063360
v 11.652795 2.639135 18.063349
v 11.542946 2.639135 18.063396
v 11.433090 2.639135 18.063503
v 11.323229 2.639135 18.063667
v 11.213357 2.639135 18.063890
v 11.103474 2.639135 18.064177
v 10.949709 2.639135 18.064301
v 10.795943 2.639135 18.064156
v 10.642179 2.639135 18.063766
v 10.488414 2.639135 18.063160
v 10.334648 2.639135 18.062357
v 10.180883 2.639135 18.061378
v 10.027118 2.639135 18.060251
v 9.873353 2.639135 18.059000
v 9.719587 2.639135 18.057646
v 9.565823 2.639135 18.056210
v 9.412058 2.639135 18.054718
v 9.258315 2.639135 18.053198
v 9.171075 2.639135 18.052773
v 9.083791 2.639135 18.052338
v 8.996428 2.639135 18.051897
v 8.908949 2.639135 18.051453
v 8.821319 2.639135 18.051006
v 8.733504 2.639135 18.050558
v 8.645473 2.639135 18.050110
v 8.557185 2.639135 18.049664
v 8.468607 2.639135 18.049219
v 8.379701 2.639135 18.048779
v 8.290437 2.639135 18.048344
v 8.200771 2.639135 18.047918
v 7.822673 2.639135 17.992092
v 7.454082 2.639135 17.918692
v 7.095394 2.639135 17.827089
v 6.747009 2.639135 17.716654
v 6.409319 2.639135 17.586760
v 6.082725 2.639135 17.436775
v 5.767628 2.639135 17.266075
v 5.464419 2.639135 17.074030
v 5.173500 2.639135 16.860012
v 4.895265 2.639135 16.623392
v 4.630116 2.639135 16.363541
v 4.378445 2.639135 16.079828
v 4.135517 2.639135 15.713453
v 3.932154 2.639135 15.349998
v 3.764444 2.639135 14.987651
v 3.628482 2.639135 14.624610
v 3.520361 2.639135 14.259068
v 3.436171 2.639135 13.889220
v 3.372005 2.639135 13.513254
v 3.323946 2.639135 13.129369
v 3.288094 2.639135 12.735753
v 3.260538 2.639135 12.330604
v 3.237365 2.639135 11.912111
v 3.214665 2.639135 11.478472
v 3.208749 2.639135 11.380114
v 3.202833 2.639135 11.281714
v 3.196912 2.639135 11.183230
v 3.190979 2.639135 11.084624
v 3.185035 2.639135 10.985854
v 3.179075 2.639135 10.886880
v 3.173097 2.639135 10.787658
v 3.167103 2.639135 10.688148
v 3.161081 2.639135 10.588313
v 3.155037 2.639135 10.488107
v 3.148960 2.639135 10.387490
v 3.142854 2.639135 10.286423
v 3.131067 2.639135 10.081218
v 3.119357 2.639135 9.876013
v 3.107732 2.639135 9.670808
v 3.096195 2.639135 9.465599
v 3.084748 2.639135 9.260388
v 3.073390 2.639135 9.055176
v 3.062121 2.639135 8.849957
v 3.050947 2.639135 8.644732
v 3.039874 2.639135 8.439502
v 3.028900 2.639135 8.234265
v 3.018028 2.639135 8.029021
v 3.007255 2.639135 7.823778
v 2.969930 2.639135 7.080386
v 2.934875 2.639135 6.449833
v 2.897701 2.639135 5.910450
v 2.854020 2.639135 5.440574
v 2.799443 2.639135 5.018536
v 2.729589 2.639135 4.622670
v 2.640069 2.639135 4.231309
v 2.526500 2.639135 3.822787
v 2.384494 2.639135 3.375437
v 2.209664 2.639135 2.867591
v 1.997625 2.639135 2.277583
v 1.743986 2.639135 1.583747
v 1.409569 2.639135 1.412839
v 1.074878 2.639135 1.270125
v 0.739218 2.639135 1.153612
v 0.401901 2.639135 1.061307
v 0.062238 2.639135 0.991216
v -0.280465 2.639135 0.941345
v -0.626892 2.639135 0.909699
v -0.977736 2.639135 0.894288
v -1.333687 2.639135 0.893114
v -1.695437 2.639135 0.904188
v -2.063671 2.639135 0.925513
v -2.439087 2.639135 0.955098
v -2.685997 2.639135 1.015652
v -2.894918 2.639135 1.068566
v -3.072559 2.639135 1.117121
v -3.225616 2.639135 1.164585
v -3.360797 2.639135 1.214235
v -3.484804 2.639135 1.269344
v -3.604339 2.639135 1.333185
v -3.726110 2.639135 1.409033
v -3.856813 2.639135 1.500162
v -4.003157 2.639135 1.609845
v -4.171843 2.639135 1.741354
v -4.369574 2.639135 1.897963
v -4.665445 2.639135 2.530860
v -4.912533 2.639135 3.173995
v -5.116035 2.639135 3.826330
v -5.281147 2.639135 4.486834
v -5.413065 2.639135 5.154469
v -5.516994 2.639135 5.828204
v -5.598128 2.639135 6.507002
v -5.661670 2.639135 7.189829
v -5.712812 2.639135 7.875649
v -5.756755 2.639135 8.563430
v -5.798697 2.639135 9.252136
v -5.843839 2.639135 9.940737
v -5.928101 2.639135 11.092216
v -6.003280 2.639135 12.058408
v -6.075432 2.639135 12.862670
v -6.150605 2.639135 13.528365
v -6.234862 2.639135 14.078857
v -6.334251 2.639135 14.537507
v -6.454829 2.639135 14.927677
v -6.602644 2.639135 15.272727
v -6.783759 2.639135 15.596023
v -7.004223 2.639135 15.920925
v -7.270090 2.639135 16.270792
v -7.587406 2.639135 16.668989
v -8.098892 2.639135 17.022341
v -8.609356 2.639135 17.312826
v -9.120956 2.639135 17.546501
v -9.635858 2.639135 17.729429
v -10.156221 2.639135 17.867668
v -10.684209 2.639135 17.967278
v -11.221983 2.639135 18.034319
v -11.771706 2.639135 18.074852
v -12.335538 2.639135 18.094936
v -12.915644 2.639135 18.100632
v -13.514183 2.639135 18.098000
v -14.133322 2.639135 18.093105
v -14.275964 2.639135 18.093494
v -14.397146 2.639135 18.093826
v -14.501214 2.639135 18.094114
v -14.592507 2.639135 18.094368
v -14.675372 2.639135 18.094599
v -14.754156 2.639135 18.094822
v -14.833200 2.639135 18.095051
v -14.916845 2.639135 18.095297
v -15.009439 2.639135 18.095572
v -15.115324 2.639135 18.095890
v -15.238843 2.639135 18.096260
v -15.384338 2.639135 18.096695
v -15.602090 2.639135 18.097075
v -15.819826 2.639135 18.097267
v -16.037550 2.639135 18.097275
v -16.255260 2.639135 18.097105
v -16.472963 2.639135 18.096762
v -16.690662 2.639135 18.096252
v -16.908354 2.639135 18.095577
v -17.126043 2.639135 18.094748
v -17.343733 2.639135 18.093763
v -17.561426 2.639135 18.092630
v -17.779123 2.639135 18.091356
v -17.996830 2.639135 18.089943
v -18.274620 2.639135 18.088383
v -18.552395 2.639135 18.087267
v -18.830158 2.639135 18.086569
v -19.107914 2.639135 18.086266
v -19.385664 2.639135 18.086325
v -19.663410 2.639135 18.086720
v -19.941158 2.639135 18.087423
v -20.218908 2.639135 18.088408
v -20.496662 2.639135 18.089642
v -20.774426 2.639135 18.091103
v -21.052200 2.639135 18.092758
v -21.329985 2.639135 18.094587
v -21.596693 2.639135 18.095772
v -21.863403 2.639135 18.096607
v -22.130112 2.639135 18.097118
v -22.396822 2.639135 18.097351
v -22.663532 2.639135 18.097332
v -22.930241 2.639135 18.097097
v -23.196951 2.639135 18.096682
v -23.463659 2.639135 18.096121
v -23.730370 2.639135 18.095449
v -23.997080 2.639135 18.094700
v -24.263788 2.639135 18.093908
v -24.530499 2.639135 18.093105
v -24.629663 2.639135 18.093740
v -24.728867 2.639135 18.094376
v -24.828148 2.639135 18.095011
v -24.927549 2.639135 18.095648
v -25.027113 2.639135 18.096279
v -25.126884 2.639135 18.096912
v -25.226908 2.639135 18.097546
v -25.327225 2.639135 18.098179
v -25.427881 2.639135 18.098812
v -25.528915 2.639135 18.099443
v -25.630373 2.639135 18.100077
v -25.732300 2.639135 18.100710
v -26.260002 2.639135 18.092257
v -26.760023 2.639135 18.075943
v -27.236176 2.639135 18.048080
v -27.692268 2.639135 18.004982
v -28.132118 2.639135 17.942955
v -28.559542 2.639135 17.858316
v -28.978348 2.639135 17.747374
v -29.392351 2.639135 17.606440
v -29.805368 2.639135 17.431820
v -30.221210 2.639135 17.219831
v -30.643690 2.639135 16.966785
v -31.076624 2.639135 16.668989
v -31.302771 2.639135 16.421251
v -31.503546 2.639135 16.170097
v -31.680992 2.639135 15.914803
v -31.837137 2.639135 15.654631
v -31.974035 2.639135 15.388855
v -32.093723 2.639135 15.116743
v -32.198231 2.639135 14.837565
v -32.289612 2.639135 14.550593
v -32.369900 2.639135 14.255095
v -32.441135 2.639135 13.950342
v -32.505363 2.639135 13.635603
v -32.564617 2.639135 13.310143
v -32.514339 2.639135 12.840015
v -32.428669 2.639135 12.381639
v -32.311287 2.639135 11.933826
v -32.165852 2.639135 11.495392
v -31.996038 2.639135 11.065154
v -31.805523 2.639135 10.641925
v -31.597965 2.639135 10.224520
v -31.377041 2.639135 9.811753
v -31.146420 2.639135 9.402445
v -30.909769 2.639135 8.995405
v -30.670759 2.639135 8.589450
v -30.416637 2.639135 8.154994
v -30.350935 2.639135 8.041313
v -30.268608 2.639135 7.898826
v -30.185884 2.639135 7.755635
v -30.119223 2.639135 7.640265
v -30.052013 2.639135 7.523975
v -29.837332 2.639135 7.153728
v -29.639235 2.639135 6.812862
v -29.440851 2.639135 6.472167
v -29.242201 2.639135 6.131630
v -29.043295 2.639135 5.791239
v -28.844154 2.639135 5.450984
v -28.644793 2.639135 5.110852
v -28.445227 2.639135 4.770831
v -28.245476 2.639135 4.430911
v -28.045551 2.639135 4.091077
v -27.845472 2.639135 3.751321
v -27.645256 2.639135 3.411621
v -27.368189 2.639135 2.940233
v -27.091908 2.639135 2.468425
v -26.816355 2.639135 1.996226
v -26.541475 2.639135 1.523667
v -26.267206 2.639135 1.050777
v -25.993494 2.639135 0.577582
v -25.720278 2.639135 0.104115
v -25.447502 2.639135 -0.369595
v -25.175104 2.639135 -0.843520
v -24.903032 2.639135 -1.317628
v -24.631226 2.639135 -1.791893
v -24.359623 2.639135 -2.266281
v -24.312576 2.639135 -2.348379
v -24.265520 2.639135 -2.430512
v -24.218426 2.639135 -2.512716
v -24.171280 2.639135 -2.595027
v -24.124056 2.639135 -2.677477
v -24.076733 2.639135 -2.760100
v -24.029293 2.639135 -2.842935
v -23.981712 2.639135 -2.926020
v -23.933969 2.639135 -3.009385
v -23.886044 2.639135 -3.093067
v -23.837917 2.639135 -3.177101
v -23.789562 2.639135 -3.261513
v -23.551563 2.639135 -3.677277
v -23.313643 2.639135 -4.093090
v -23.075796 2.639135 -4.508953
v -22.838022 2.639135 -4.924861
v -22.600319 2.639135 -5.340814
v -22.362684 2.639135 -5.756811
v -22.125114 2.639135 -6.172847
v -21.887608 2.639135 -6.588917
v -21.650166 2.639135 -7.005026
v -21.412783 2.639135 -7.421168
v -21.175455 2.639135 -7.837338
v -20.938187 2.639135 -8.253536
v -20.475218 2.639135 -9.063724
v -20.011240 2.639135 -9.873219
v -19.546137 2.639135 -10.681979
v -19.079784 2.639135 -11.489969
v -18.612066 2.639135 -12.297146
v -18.142860 2.639135 -13.103469
v -17.672047 2.639135 -13.908900
v -17.199509 2.639135 -14.713400
v -16.725126 2.639135 -15.516924
v -16.248779 2.639135 -16.319433
v -15.770347 2.639135 -17.120890
v -15.289711 2.639135 -17.921251
v -14.917306 2.639135 -18.542089
v -14.547229 2.639135 -19.163906
v -14.179440 2.639135 -19.786739
v -13.813904 2.639135 -20.410633
v -13.450580 2.639135 -21.035618
v -13.089426 2.639135 -21.661736
v -12.730409 2.639135 -22.289024
v -12.373485 2.639135 -22.917517
v -12.018619 2.639135 -23.547258
v -11.665771 2.639135 -24.178284
v -11.314898 2.639135 -24.810635
v -10.965971 2.639135 -25.444340
v -10.599074 2.639135 -26.109411
v -10.231236 2.639135 -26.773918
v -9.862363 2.639135 -27.437822
v -9.492369 2.639135 -28.101086
v -9.121162 2.639135 -28.763676
v -8.748657 2.639135 -29.425556
v -8.374761 2.639135 -30.086691
v -7.999383 2.639135 -30.747038
v -7.622434 2.639135 -31.406565
v -7.243828 2.639135 -32.065235
v -6.863472 2.639135 -32.723007
v -6.481281 2.639135 -33.379841
v -6.435654 2.639135 -33.459831
v -6.390010 2.639135 -33.539864
v -6.344327 2.639135 -33.619965
v -6.298583 2.639135 -33.700172
v -6.252760 2.639135 -33.780521
v -6.206838 2.639135 -33.861038
v -6.160798 2.639135 -33.941757
v -6.114619 2.639135 -34.022713
v -6.068284 2.639135 -34.103935
v -6.021770 2.639135 -34.185455
v -5.975055 2.639135 -34.267311
v -5.928118 2.639135 -34.349525
v -5.604089 2.639135 -34.891716
v -5.282273 2.639135 -35.405773
v -4.955779 2.639135 -35.887947
v -4.617716 2.639135 -36.334473
v -4.261185 2.639135 -36.741596
v -3.879295 2.639135 -37.105560
v -3.465149 2.639135 -37.422604
v -3.011855 2.639135 -37.688972
v -2.512521 2.639135 -37.900906
v -1.960250 2.639135 -38.054649
v -1.348151 2.639135 -38.146439
vn -0.0000 -1.0000 -0.0000
vn -0.0000 1.0000 -0.0000
vn 0.0001 -1.0000 -0.0000
vn -0.0001 -1.0000 -0.0000
vn -0.0003 -1.0000 -0.0000
vn 0.0007 -1.0000 -0.0000
vn 0.0015 -1.0000 -0.0000
vn -0.0001 1.0000 -0.0000
vn 0.0001 1.0000 -0.0000
vn 0.8657 -0.0000 -0.5005
vn 0.0030 -0.0000 1.0000
vn 0.8713 -0.0000 -0.4907
vn 0.0026 -0.0000 1.0000
vn 0.9773 -0.0000 0.2118
vn -0.8622 -0.0000 -0.5066
vn -0.8670 -0.0000 -0.4983
vn -0.0026 -0.0000 1.0000
vn 0.8660 -0.0000 -0.5000
vn 0.0063 -0.0000 1.0000
vn 0.9936 -0.0000 0.1132
vn -0.8676 -0.0000 -0.4973
vn -0.0009 -0.0000 1.0000
vn -0.9650 -0.0000 0.2622
vn 0.8657 -0.0000 -0.5006
vn 0.0019 -0.0000 1.0000
vn 0.8716 -0.0000 -0.4903
vn 0.0008 -0.0000 1.0000
vn -0.0016 -0.0000 1.0000
vn -0.0031 -0.0000 1.0000
vn -0.9589 -0.0000 0.2836
vn 0.9810 -0.0000 0.1938
vn 0.8662 -0.0000 -0.4997
vn 0.8718 -0.0000 -0.4899
vn -0.8682 -0.0000 -0.4961
vn -0.0040 -0.0000 1.0000
vn 0.0017 -0.0000 1.0000
vn 0.8720 -0.0000 -0.4895
vn 0.9374 -0.0000 0.3482
vn -0.9848 -0.0000 0.1738
vn 0.8665 -0.0000 -0.4993
vn 0.8723 -0.0000 -0.4891
vn -0.0003 -0.0000 1.0000
vn 0.9554 -0.0000 0.2953
vn -0.8687 -0.0000 -0.4953
vn -0.0037 -0.0000 1.0000
vn -0.9529 -0.0000 0.3034
vn 0.8656 -0.0000 -0.5007
vn 0.8725 -0.0000 -0.4887
vn -0.8687 -0.0000 -0.4954
vn -0.8682 -0.0000 -0.4962
vn -0.9365 -0.0000 0.3507
vn 0.8655 -0.0000 -0.5008
vn 0.0009 -0.0000 1.0000
vn 0.0006 -0.0000 1.0000
vn -0.8624 -0.0000 -0.5062
vn 0.8667 -0.0000 -0.4988
vn 0.8727 -0.0000 -0.4883
vn 0.0013 -0.0000 1.0000
vn 0.9165 -0.0000 0.3999
vn -0.8686 -0.0000 -0.4955
vn -0.0008 -0.0000 1.0000
vn -0.0022 -0.0000 1.0000
vn -0.9365 -0.0000 0.3506
vn 0.8649 -0.0000 -0.5019
vn -0.0000 -0.0000 1.0000
vn -0.9917 -0.0000 0.1282
vn -0.8685 -0.0000 -0.4956
vn -0.0001 -0.0000 1.0000
vn 0.8709 -0.0000 -0.4914
vn 0.0020 -0.0000 1.0000
vn 0.9192 -0.0000 0.3938
vn -0.8627 -0.0000 -0.5057
vn -0.8694 -0.0000 -0.4942
vn -0.0034 -0.0000 1.0000
vn -0.9075 -0.0000 0.4200
vn 0.8670 -0.0000 -0.4983
vn -0.8685 -0.0000 -0.4957
vn -0.0199 -0.0000 0.9998
vn -0.0032 -0.0000 1.0000
vn -0.9154 -0.0000 0.4026
vn 0.9883 -0.0000 0.1525
vn 0.8702 -0.0000 -0.4927
vn -0.8684 -0.0000 -0.4959
vn 0.8642 -0.0000 -0.5032
vn 0.8695 -0.0000 -0.4939
vn 0.8900 -0.0000 0.4560
vn -0.9957 -0.0000 0.0926
vn -0.8704 -0.0000 -0.4923
vn -0.0030 -0.0000 1.0000
vn 0.8673 -0.0000 -0.4978
vn 0.8724 -0.0000 0.4887
vn -0.8630 -0.0000 -0.5051
vn -0.8683 -0.0000 -0.4960
vn 0.0062 -0.0000 1.0000
vn -0.8727 -0.0000 0.4883
vn 0.8689 -0.0000 -0.4950
vn 0.0031 -0.0000 1.0000
vn -0.0044 -0.0000 1.0000
vn -0.8890 -0.0000 0.4579
vn 0.8634 -0.0000 -0.5045
vn 0.0239 -0.0000 0.9997
vn 0.8684 -0.0000 -0.4959
vn -0.8634 -0.0000 -0.5045
vn -0.8681 -0.0000 -0.4963
vn -0.0123 -0.0000 0.9999
vn -0.8715 -0.0000 -0.4905
vn -0.0025 -0.0000 1.0000
vn 0.0023 -0.0000 1.0000
vn 0.8573 -0.0000 0.5148
vn -0.0115 -0.0000 -0.9999
vn -0.0020 -0.0000 1.0000
vn 0.9929 -0.0000 0.1187
vn 0.8676 -0.0000 -0.4973
vn -0.0113 -0.0000 -0.9999
vn 0.8679 -0.0000 -0.4967
vn 0.8275 -0.0000 0.5615
vn -0.9976 -0.0000 0.0688
vn -0.8681 -0.0000 -0.4965
vn -0.8574 -0.0000 0.5146
vn -0.8651 -0.0000 -0.5016
vn 0.0021 -0.0000 1.0000
vn -0.8638 -0.0000 -0.5039
vn -0.8680 -0.0000 -0.4966
vn -0.8724 -0.0000 -0.4888
vn -0.0015 -0.0000 1.0000
vn -0.8334 -0.0000 0.5526
vn -0.8658 -0.0000 -0.5004
vn -0.8658 -0.0000 -0.5003
vn 0.8625 -0.0000 -0.5060
vn 0.8677 -0.0000 -0.4971
vn -0.8659 -0.0000 -0.5002
vn 0.8185 -0.0000 0.5745
vn -0.9985 -0.0000 0.0555
vn -0.8679 -0.0000 -0.4968
vn -0.8659 -0.0000 -0.5003
vn -0.0056 -0.0000 1.0000
vn -0.8211 -0.0000 0.5707
vn 0.8671 -0.0000 -0.4982
vn -0.8642 -0.0000 -0.5032
vn -0.8733 -0.0000 -0.4872
vn 0.7962 -0.0000 0.6050
vn -0.8677 -0.0000 -0.4971
vn -0.0002 -0.0000 1.0000
vn 0.9957 -0.0000 0.0927
vn 0.8669 -0.0000 -0.4984
vn 0.0005 -0.0000 1.0000
vn 0.7744 -0.0000 0.6326
vn -0.8678 -0.0000 -0.4970
vn -0.0069 -0.0000 1.0000
vn -0.7481 -0.0000 0.6636
vn 0.8616 -0.0000 -0.5076
vn 0.8669 -0.0000 -0.4985
vn -0.8646 -0.0000 -0.5025
vn -0.8741 -0.0000 -0.4857
vn -0.0074 -0.0000 1.0000
vn -0.7811 -0.0000 0.6244
vn -0.9987 -0.0000 0.0501
vn -0.0068 -0.0000 1.0000
vn 0.7821 -0.0000 0.6232
vn 0.8607 -0.0000 -0.5092
vn 0.0356 -0.0000 0.9994
vn 0.7265 -0.0000 0.6872
vn 0.9972 -0.0000 0.0744
vn -0.8749 -0.0000 -0.4843
vn -0.0326 -0.0000 0.9995
vn -0.6999 -0.0000 0.7142
vn -0.8677 -0.0000 -0.4970
vn -0.7386 -0.0000 0.6742
vn 0.8596 -0.0000 -0.5109
vn 0.8672 -0.0000 -0.4979
vn 0.0002 -0.0000 1.0000
vn 0.8674 -0.0000 -0.4977
vn -0.0011 -0.0000 1.0000
vn 0.6765 -0.0000 0.7364
vn -0.9986 -0.0000 0.0524
vn 0.2065 -0.0000 -0.9784
vn -0.6478 -0.0000 0.7618
vn 0.8674 -0.0000 -0.4975
vn 0.8675 -0.0000 -0.4975
vn -0.0114 -0.0000 -0.9999
vn -0.8756 -0.0000 -0.4830
vn -0.0061 -0.0000 1.0000
vn -0.5667 -0.0000 0.8239
vn 0.9980 -0.0000 0.0638
vn 0.5684 -0.0000 0.8228
vn -0.9986 -0.0000 0.0529
vn -0.0112 -0.0000 -0.9999
vn 0.0527 -0.0000 0.9986
vn 0.6267 -0.0000 0.7792
vn -0.8676 -0.0000 -0.4972
vn -0.0055 -0.0000 1.0000
vn -0.5926 -0.0000 0.8055
vn 0.8586 -0.0000 -0.5127
vn 0.8678 -0.0000 -0.4969
vn -0.8678 -0.0000 -0.4969
vn -0.8760 -0.0000 -0.4823
vn -0.0049 -0.0000 1.0000
vn -0.0384 -0.0000 -0.9993
vn -0.5138 -0.0000 0.8579
vn -0.8632 -0.0000 -0.5049
vn -0.0042 -0.0000 1.0000
vn -0.1483 -0.0000 -0.9889
vn -0.9986 -0.0000 0.0534
vn 0.8679 -0.0000 -0.4968
vn 0.4946 -0.0000 0.8691
vn -0.0035 -0.0000 1.0000
vn -0.9985 -0.0000 0.0539
vn 0.2564 -0.0000 -0.9666
vn 0.5790 -0.0000 0.8153
vn -0.8673 -0.0000 -0.4977
vn -0.8744 -0.0000 -0.4852
vn -0.0028 -0.0000 1.0000
vn -0.2682 -0.0000 -0.9634
vn -0.5351 -0.0000 0.8448
vn 0.8574 -0.0000 -0.5146
vn -0.4542 -0.0000 0.8909
vn 0.8672 -0.0000 -0.4980
vn 0.8680 -0.0000 -0.4966
vn 0.0001 -0.0000 1.0000
vn 0.3112 -0.0000 -0.9504
vn 0.9982 -0.0000 0.0608
vn -0.0144 -0.0000 0.9999
vn -0.8617 -0.0000 -0.5074
vn 0.8680 -0.0000 -0.4965
vn 0.3699 -0.0000 -0.9291
vn 0.5348 -0.0000 0.8450
vn -0.3907 -0.0000 -0.9205
vn -0.4763 -0.0000 0.8793
vn -0.9985 -0.0000 0.0544
vn 0.8677 -0.0000 -0.4972
vn -0.8666 -0.0000 -0.4990
vn -0.8728 -0.0000 -0.4880
vn -0.9985 -0.0000 0.0548
vn 0.0004 -0.0000 1.0000
vn 0.4312 -0.0000 -0.9023
vn 0.4155 -0.0000 0.9096
vn -0.5066 -0.0000 -0.8622
vn -0.3894 -0.0000 0.9211
vn 0.8668 -0.0000 -0.4986
vn 0.8674 -0.0000 -0.4976
vn 0.8562 -0.0000 -0.5166
vn -0.8661 -0.0000 -0.4998
vn -0.8712 -0.0000 -0.4909
vn -0.4173 -0.0000 0.9088
vn -0.8645 -0.0000 -0.5026
vn 0.0007 -0.0000 1.0000
vn 0.4932 -0.0000 -0.8699
vn -0.8656 -0.0000 -0.5007
vn -0.9985 -0.0000 0.0553
vn 0.8671 -0.0000 -0.4981
vn 0.5540 -0.0000 -0.8325
vn 0.4952 -0.0000 0.8688
vn -0.8696 -0.0000 -0.4938
vn -0.0021 -0.0000 1.0000
vn -0.6079 -0.0000 -0.7940
vn 0.3348 -0.0000 0.9423
vn 0.9979 -0.0000 0.0654
vn -0.0033 -0.0000 1.0000
vn -0.3590 -0.0000 0.9333
vn -0.9984 -0.0000 0.0557
vn 0.0010 -0.0000 1.0000
vn 0.6116 -0.0000 -0.7912
vn -0.3223 -0.0000 0.9467
vn 0.8667 -0.0000 -0.4989
vn 0.8666 -0.0000 -0.4989
vn 0.0012 -0.0000 1.0000
vn 0.6646 -0.0000 -0.7472
vn -0.8679 -0.0000 -0.4967
vn -0.6899 -0.0000 -0.7239
vn 0.0306 -0.0000 0.9995
vn 0.3018 -0.0000 0.9534
vn 0.8550 -0.0000 -0.5186
vn -0.0439 -0.0000 0.9990
vn -0.3022 -0.0000 0.9533
vn -0.9984 -0.0000 0.0561
vn 0.8664 -0.0000 -0.4993
vn 0.0015 -0.0000 1.0000
vn 0.7118 -0.0000 -0.7024
vn -0.8662 -0.0000 -0.4997
vn -0.0014 -0.0000 1.0000
vn -0.7523 -0.0000 -0.6588
vn -0.9984 -0.0000 0.0566
vn 0.0578 -0.0000 0.9983
vn 0.2568 -0.0000 0.9665
vn -0.0910 -0.0000 0.9959
vn -0.2561 -0.0000 0.9667
vn -0.8817 -0.0000 -0.4719
vn 0.0016 -0.0000 1.0000
vn 0.7528 -0.0000 -0.6582
vn -0.9984 -0.0000 0.0570
vn 0.0786 -0.0000 0.9969
vn 0.0018 -0.0000 1.0000
vn 0.7877 -0.0000 -0.6161
vn 0.2391 -0.0000 0.9710
vn -0.1440 -0.0000 0.9896
vn -0.0007 -0.0000 1.0000
vn -0.7973 -0.0000 -0.6036
vn -0.2474 -0.0000 0.9689
vn 0.8537 -0.0000 -0.5208
vn -0.1942 -0.0000 0.9810
vn 0.2382 -0.0000 0.9712
vn 0.8659 -0.0000 -0.5003
vn 0.0014 -0.0000 1.0000
vn 0.8506 -0.0000 -0.5258
vn 0.9973 -0.0000 0.0730
vn -0.2021 -0.0000 0.9794
vn -0.8628 -0.0000 -0.5055
vn -0.9984 -0.0000 0.0573
vn 0.8540 -0.0000 -0.5203
vn 0.1854 -0.0000 0.9827
vn -0.8280 -0.0000 -0.5607
vn -0.8954 -0.0000 -0.4452
vn 0.2455 -0.0000 0.9694
vn 0.0025 -0.0000 1.0000
vn 0.1822 -0.0000 0.9833
vn -0.8650 -0.0000 -0.5017
vn -0.8611 -0.0000 -0.5085
vn -0.1953 -0.0000 0.9807
vn -0.9982 -0.0000 0.0603
vn 0.8572 -0.0000 -0.5150
vn -0.2639 -0.0000 0.9645
vn -0.1396 -0.0000 0.9902
vn 0.8656 -0.0000 -0.5008
vn 0.0035 -0.0000 1.0000
vn 0.8601 -0.0000 -0.5101
vn 0.8829 -0.0000 -0.4695
vn -0.8593 -0.0000 -0.5114
vn 0.2637 -0.0000 0.9646
vn 0.8628 -0.0000 -0.5055
vn 0.1237 -0.0000 0.9923
vn -0.8476 -0.0000 -0.5306
vn -0.9982 -0.0000 0.0602
vn 0.2962 -0.0000 0.9551
vn 0.8654 -0.0000 -0.5011
vn 0.1319 -0.0000 0.9913
vn -0.3279 -0.0000 0.9447
vn -0.1461 -0.0000 0.9893
vn 0.8654 -0.0000 -0.5010
vn 0.0044 -0.0000 1.0000
vn 0.8653 -0.0000 -0.5012
vn -0.0206 -0.0000 0.9998
vn -0.0941 -0.0000 0.9956
vn -0.9119 -0.0000 -0.4105
vn 0.3448 -0.0000 0.9387
vn -0.8576 -0.0000 -0.5144
vn -0.8584 -0.0000 -0.5130
vn 0.4061 -0.0000 0.9138
vn 0.0053 -0.0000 1.0000
vn 0.0735 -0.0000 0.9973
vn 0.9091 -0.0000 -0.4166
vn -0.0065 -0.0000 1.0000
vn -0.9982 -0.0000 0.0601
vn 0.4711 -0.0000 0.8821
vn 0.8697 -0.0000 -0.4937
vn 0.0887 -0.0000 0.9961
vn -0.3922 -0.0000 0.9199
vn -0.0048 -0.0000 1.0000
vn 0.0060 -0.0000 1.0000
vn 0.8715 -0.0000 -0.4904
vn -0.0059 -0.0000 1.0000
vn -0.0584 -0.0000 0.9983
vn 0.8665 -0.0000 -0.4992
vn 0.8731 -0.0000 -0.4875
vn -0.0160 -0.0000 0.9999
vn -0.8684 -0.0000 -0.4958
vn 0.5287 -0.0000 0.8488
vn -0.0050 -0.0000 1.0000
vn 0.5719 -0.0000 0.8203
vn 0.9328 -0.0000 -0.3603
vn -0.4551 -0.0000 0.8905
vn -0.0052 -0.0000 1.0000
vn -0.9302 -0.0000 -0.3671
vn 0.8746 -0.0000 -0.4849
vn -0.8686 -0.0000 -0.4956
vn -0.0051 -0.0000 1.0000
vn 0.5997 -0.0000 0.8002
vn 0.0066 -0.0000 1.0000
vn -0.8644 -0.0000 -0.5028
vn 0.8655 -0.0000 -0.5010
vn 0.0064 -0.0000 1.0000
vn 0.9970 -0.0000 0.0776
vn -0.9392 -0.0000 0.3433
vn -0.8573 -0.0000 -0.5148
vn -0.9982 -0.0000 0.0600
vn 0.8758 -0.0000 -0.4827
vn 0.6148 -0.0000 0.7887
vn 0.0027 -0.0000 1.0000
vn -0.0079 -0.0000 1.0000
vn -0.8686 -0.0000 -0.4954
vn 0.6209 -0.0000 0.7839
vn 0.8655 -0.0000 -0.5009
vn 0.9534 -0.0000 -0.3017
vn 0.9059 -0.0000 0.4235
vn 0.8652 -0.0000 -0.5014
vn 0.8698 -0.0000 -0.4934
vn -0.9986 -0.0000 0.0523
vn 0.8663 -0.0000 -0.4996
vn -0.8637 -0.0000 -0.5040
vn -0.0045 -0.0000 1.0000
vn -0.9491 -0.0000 -0.3148
vn 0.8698 -0.0000 -0.4933
vn -0.9411 -0.0000 0.3382
vn -0.8586 -0.0000 -0.5126
vn -0.0099 -0.0000 1.0000
vn 0.0028 -0.0000 1.0000
vn 0.9703 -0.0000 -0.2419
vn -0.8629 -0.0000 -0.5053
vn -0.0097 -0.0000 1.0000
vn 0.8699 -0.0000 -0.4933
vn -0.0093 -0.0000 1.0000
vn -0.9673 -0.0000 -0.2536
vn 0.9335 -0.0000 0.3586
vn 0.8661 -0.0000 -0.4999
vn -0.0012 -0.0000 1.0000
vn 0.9833 -0.0000 -0.1822
vn -0.9455 -0.0000 0.3255
vn 0.9960 -0.0000 0.0894
vn -0.8621 -0.0000 -0.5067
vn -0.8599 -0.0000 -0.5104
vn -0.0088 -0.0000 1.0000
vn -0.9977 -0.0000 0.0679
vn 0.8699 -0.0000 -0.4932
vn -0.0081 -0.0000 1.0000
vn 0.9546 -0.0000 0.2978
vn 0.9923 -0.0000 -0.1239
vn -0.0073 -0.0000 1.0000
vn -0.9830 -0.0000 -0.1837
vn -0.9531 -0.0000 0.3026
vn -0.0038 -0.0000 1.0000
vn -0.0064 -0.0000 1.0000
vn 0.9977 -0.0000 -0.0682
vn -0.8615 -0.0000 -0.5078
vn -0.9959 -0.0000 0.0907
vn 0.0029 -0.0000 1.0000
vn -0.8611 -0.0000 -0.5084
vn -0.8643 -0.0000 -0.5029
vn -0.9943 -0.0000 -0.1063
vn 0.0098 -0.0000 1.0000
vn -0.9635 -0.0000 0.2678
vn 0.9937 -0.0000 0.1122
vn 0.9701 -0.0000 0.2425
vn 0.9999 -0.0000 -0.0161
vn -0.8623 -0.0000 -0.5065
vn -0.9923 -0.0000 0.1242
vn 0.8658 -0.0000 -0.5004
vn 0.8698 -0.0000 -0.4935
vn -0.0006 -0.0000 1.0000
vn -0.9838 -0.0000 0.1791
vn 0.8697 -0.0000 -0.4936
vn -0.8633 -0.0000 -0.5047
vn 0.8696 -0.0000 -0.4937
vn 0.9995 -0.0000 0.0318
vn -0.8619 -0.0000 -0.5071
vn -0.9857 -0.0000 0.1682
vn 0.8701 -0.0000 -0.4928
vn -0.8643 -0.0000 -0.5030
vn 0.8704 -0.0000 -0.4924
vn 0.9885 -0.0000 0.1513
vn -0.8652 -0.0000 -0.5014
vn -0.8657 -0.0000 -0.5006
vn -0.9798 -0.0000 0.1999
vn -0.9748 -0.0000 0.2230
vn 0.8706 -0.0000 -0.4919
vn 0.9972 -0.0000 0.0749
vn -0.8661 -0.0000 -0.4999
vn -0.9751 -0.0000 0.2220
vn 0.8658 -0.0000 -0.5005
vn 0.8709 -0.0000 -0.4915
vn -0.0023 -0.0000 1.0000
vn -0.9738 -0.0000 0.2276
vn 0.8711 -0.0000 -0.4911
vn -0.8669 -0.0000 -0.4985
vt 0.000010 0.251870
vt 0.000000 0.251044
vt 0.000598 0.248205
vt 0.000021 0.252872
vt 0.000036 0.254164
vt 0.000050 0.255305
vt 0.000062 0.256354
vt 0.000073 0.257338
vt 0.000082 0.258149
vt 0.000295 0.263661
vt 0.001042 0.268632
vt 0.001311 0.245516
vt 0.002292 0.273117
vt 0.002145 0.242966
vt 0.003109 0.240543
vt 0.004014 0.277172
vt 0.004210 0.238239
vt 0.006178 0.280852
vt 0.005456 0.236041
vt 0.006853 0.233939
vt 0.008753 0.284215
vt 0.008411 0.231923
vt 0.010136 0.229982
vt 0.011710 0.287316
vt 0.012037 0.228106
vt 0.015017 0.290211
vt 0.014120 0.226283
vt 0.016394 0.224504
vt 0.018644 0.292955
vt 0.017923 0.223559
vt 0.019456 0.222624
vt 0.022560 0.295606
vt 0.020993 0.221700
vt 0.022534 0.220786
vt 0.024079 0.219880
vt 0.026736 0.298218
vt 0.025628 0.218982
vt 0.027181 0.218091
vt 0.031139 0.300849
vt 0.028739 0.217207
vt 0.030300 0.216328
vt 0.031865 0.215454
vt 0.031807 0.301230
vt 0.032472 0.301609
vt 0.033434 0.214583
vt 0.033134 0.301987
vt 0.033794 0.302363
vt 0.035007 0.213716
vt 0.034451 0.302738
vt 0.035107 0.303111
vt 0.035594 0.213383
vt 0.035761 0.303484
vt 0.036182 0.213049
vt 0.036414 0.303856
vt 0.036770 0.212716
vt 0.037065 0.304228
vt 0.037359 0.212382
vt 0.037716 0.304598
vt 0.037948 0.212047
vt 0.038366 0.304969
vt 0.038539 0.211712
vt 0.039015 0.305339
vt 0.039132 0.211376
vt 0.044350 0.308442
vt 0.039726 0.211038
vt 0.040322 0.210700
vt 0.040920 0.210360
vt 0.041521 0.210019
vt 0.042125 0.209676
vt 0.043387 0.208961
vt 0.044649 0.208247
vt 0.049693 0.311530
vt 0.045912 0.207533
vt 0.047176 0.206819
vt 0.048439 0.206106
vt 0.049703 0.205394
vt 0.055043 0.314603
vt 0.050967 0.204683
vt 0.052232 0.203972
vt 0.053497 0.203262
vt 0.054762 0.202552
vt 0.056027 0.201843
vt 0.060400 0.317663
vt 0.057293 0.201134
vt 0.059922 0.199656
vt 0.062550 0.198173
vt 0.065763 0.320710
vt 0.065174 0.196686
vt 0.067797 0.195195
vt 0.071133 0.323746
vt 0.070419 0.193701
vt 0.073038 0.192204
vt 0.076509 0.326769
vt 0.075657 0.190705
vt 0.078274 0.189204
vt 0.081891 0.329783
vt 0.080890 0.187701
vt 0.083506 0.186198
vt 0.087278 0.332786
vt 0.086122 0.184693
vt 0.088737 0.183188
vt 0.092670 0.335781
vt 0.090754 0.182028
vt 0.092772 0.180868
vt 0.098068 0.338767
vt 0.094790 0.179709
vt 0.096808 0.178550
vt 0.098826 0.177392
vt 0.103470 0.341745
vt 0.100845 0.176234
vt 0.102864 0.175077
vt 0.104883 0.173920
vt 0.108617 0.344578
vt 0.106903 0.172764
vt 0.108922 0.171607
vt 0.113753 0.347426
vt 0.110941 0.170451
vt 0.112961 0.169296
vt 0.116771 0.167111
vt 0.118878 0.350290
vt 0.120580 0.164925
vt 0.123993 0.353171
vt 0.124387 0.162737
vt 0.129098 0.356068
vt 0.128194 0.160546
vt 0.131999 0.158354
vt 0.134193 0.358983
vt 0.135804 0.156160
vt 0.139278 0.361915
vt 0.139608 0.153965
vt 0.144355 0.364864
vt 0.143411 0.151768
vt 0.147213 0.149570
vt 0.149422 0.367832
vt 0.151015 0.147371
vt 0.154481 0.370817
vt 0.154816 0.145170
vt 0.159531 0.373822
vt 0.158617 0.142969
vt 0.159218 0.142620
vt 0.159820 0.142272
vt 0.164574 0.376845
vt 0.160422 0.141923
vt 0.161025 0.141574
vt 0.161628 0.141224
vt 0.162233 0.140874
vt 0.162840 0.140522
vt 0.163448 0.140170
vt 0.164058 0.139816
vt 0.164671 0.139461
vt 0.171075 0.380747
vt 0.165286 0.139105
vt 0.165904 0.138747
vt 0.167716 0.137697
vt 0.169528 0.136646
vt 0.171340 0.135596
vt 0.177584 0.384630
vt 0.173152 0.134545
vt 0.174963 0.133494
vt 0.176775 0.132444
vt 0.178587 0.131393
vt 0.184103 0.388497
vt 0.180399 0.130343
vt 0.182211 0.129292
vt 0.184023 0.128241
vt 0.185835 0.127191
vt 0.190629 0.392348
vt 0.187647 0.126140
vt 0.195187 0.121768
vt 0.197164 0.396185
vt 0.202729 0.117397
vt 0.203705 0.400007
vt 0.210272 0.113029
vt 0.210255 0.403815
vt 0.216811 0.407612
vt 0.217817 0.108662
vt 0.223373 0.411398
vt 0.225363 0.104299
vt 0.229942 0.415174
vt 0.232910 0.099939
vt 0.236517 0.418940
vt 0.240460 0.095581
vt 0.243098 0.422699
vt 0.248011 0.091228
vt 0.246478 0.424625
vt 0.249859 0.426551
vt 0.255565 0.086878
vt 0.253239 0.428478
vt 0.256618 0.430406
vt 0.263121 0.082533
vt 0.259998 0.432334
vt 0.263377 0.434263
vt 0.270680 0.078192
vt 0.266756 0.436192
vt 0.270134 0.438121
vt 0.273512 0.440051
vt 0.278241 0.073855
vt 0.276890 0.441982
vt 0.280267 0.443914
vt 0.283523 0.070828
vt 0.283644 0.445846
vt 0.288803 0.067799
vt 0.284330 0.446238
vt 0.285013 0.446629
vt 0.285692 0.447018
vt 0.286369 0.447406
vt 0.287044 0.447792
vt 0.287717 0.448177
vt 0.288388 0.448561
vt 0.289058 0.448944
vt 0.294083 0.064769
vt 0.289726 0.449327
vt 0.290394 0.449709
vt 0.291061 0.450091
vt 0.291728 0.450473
vt 0.295581 0.452678
vt 0.299363 0.061738
vt 0.299433 0.454885
vt 0.303284 0.457093
vt 0.304641 0.058704
vt 0.307133 0.459305
vt 0.309919 0.055670
vt 0.310981 0.461519
vt 0.315195 0.052633
vt 0.314826 0.463737
vt 0.318670 0.465959
vt 0.317342 0.263470
vt 0.317351 0.260579
vt 0.320471 0.049595
vt 0.317433 0.266408
vt 0.317476 0.257730
vt 0.317607 0.269398
vt 0.317732 0.254916
vt 0.317848 0.272447
vt 0.318136 0.252133
vt 0.318340 0.274452
vt 0.318705 0.249374
vt 0.318770 0.276148
vt 0.322511 0.468185
vt 0.319454 0.246635
vt 0.319165 0.277591
vt 0.319550 0.278834
vt 0.320399 0.243909
vt 0.319954 0.279932
vt 0.320402 0.280939
vt 0.320920 0.281909
vt 0.321558 0.241190
vt 0.325746 0.046554
vt 0.321537 0.282898
vt 0.322277 0.283959
vt 0.322945 0.238474
vt 0.323168 0.285148
vt 0.326349 0.470417
vt 0.328579 0.236413
vt 0.324236 0.286517
vt 0.325509 0.288123
vt 0.330649 0.290524
vt 0.331019 0.043512
vt 0.330184 0.472654
vt 0.333371 0.234690
vt 0.334017 0.474897
vt 0.335872 0.292530
vt 0.336291 0.040467
vt 0.337495 0.233269
vt 0.337845 0.477146
vt 0.341171 0.294181
vt 0.341562 0.037420
vt 0.341127 0.232115
vt 0.340604 0.478771
vt 0.343364 0.480395
vt 0.344445 0.231192
vt 0.346535 0.295521
vt 0.342171 0.037068
vt 0.342780 0.036715
vt 0.343390 0.036362
vt 0.346124 0.482018
vt 0.344001 0.036009
vt 0.344613 0.035655
vt 0.347623 0.230464
vt 0.345226 0.035301
vt 0.345840 0.034945
vt 0.346457 0.034589
vt 0.348885 0.483640
vt 0.347075 0.034231
vt 0.351957 0.296591
vt 0.347696 0.033872
vt 0.350838 0.229896
vt 0.348319 0.033511
vt 0.348945 0.033149
vt 0.351647 0.485260
vt 0.352729 0.030952
vt 0.354265 0.229452
vt 0.354410 0.486878
vt 0.357429 0.297434
vt 0.356509 0.028750
vt 0.358081 0.229096
vt 0.357173 0.488495
vt 0.360285 0.026543
vt 0.359938 0.490110
vt 0.362942 0.298091
vt 0.362461 0.228794
vt 0.362704 0.491722
vt 0.364057 0.024329
vt 0.367582 0.228508
vt 0.365471 0.493333
vt 0.368487 0.298606
vt 0.367825 0.022108
vt 0.368240 0.494941
vt 0.373619 0.228203
vt 0.371589 0.019880
vt 0.371247 0.496684
vt 0.374057 0.299020
vt 0.372192 0.497229
vt 0.375348 0.017644
vt 0.373129 0.497770
vt 0.374292 0.498442
vt 0.375286 0.228115
vt 0.379643 0.299376
vt 0.375449 0.499110
vt 0.376953 0.228027
vt 0.379103 0.015400
vt 0.376372 0.499644
vt 0.379901 0.501707
vt 0.378619 0.227937
vt 0.380286 0.227847
vt 0.382854 0.013148
vt 0.385236 0.299715
vt 0.383198 0.503647
vt 0.381953 0.227756
vt 0.383619 0.227664
vt 0.386599 0.010887
vt 0.386504 0.505568
vt 0.385286 0.227571
vt 0.390828 0.300080
vt 0.386952 0.227478
vt 0.389829 0.507440
vt 0.390340 0.008617
vt 0.388619 0.227384
vt 0.390285 0.227289
vt 0.393182 0.509233
vt 0.391952 0.227193
vt 0.394076 0.006337
vt 0.400180 0.300763
vt 0.393618 0.227097
vt 0.396572 0.510918
vt 0.394439 0.227047
vt 0.396778 0.004899
vt 0.395256 0.226998
vt 0.396070 0.226949
vt 0.396881 0.226900
vt 0.400009 0.512465
vt 0.399472 0.003664
vt 0.397689 0.226851
vt 0.398495 0.226802
vt 0.399299 0.226753
vt 0.400101 0.226705
vt 0.402165 0.002623
vt 0.403504 0.513843
vt 0.400901 0.226657
vt 0.408026 0.301371
vt 0.401701 0.226608
vt 0.402500 0.226560
vt 0.404865 0.001768
vt 0.403299 0.226512
vt 0.406821 0.226327
vt 0.407064 0.515023
vt 0.407577 0.001091
vt 0.410219 0.226138
vt 0.410701 0.515976
vt 0.410310 0.000584
vt 0.414558 0.301956
vt 0.413510 0.225913
vt 0.413071 0.000238
vt 0.414424 0.516671
vt 0.415866 0.000046
vt 0.416706 0.225621
vt 0.418242 0.517078
vt 0.419964 0.302565
vt 0.418702 0.000000
vt 0.419824 0.225230
vt 0.420885 0.516596
vt 0.421588 0.000091
vt 0.422877 0.224708
vt 0.424435 0.303248
vt 0.423441 0.516074
vt 0.424529 0.000311
vt 0.425880 0.224024
vt 0.425916 0.515495
vt 0.428160 0.304054
vt 0.427533 0.000653
vt 0.428316 0.514842
vt 0.428849 0.223145
vt 0.430512 0.001759
vt 0.431329 0.305033
vt 0.430646 0.514100
vt 0.431797 0.222040
vt 0.433289 0.002970
vt 0.432913 0.513250
vt 0.434132 0.306233
vt 0.434739 0.220678
vt 0.435123 0.512278
vt 0.435880 0.004296
vt 0.436757 0.307703
vt 0.437690 0.219025
vt 0.437281 0.511166
vt 0.438301 0.005749
vt 0.439396 0.309493
vt 0.439393 0.509897
vt 0.440665 0.217052
vt 0.440568 0.007339
vt 0.441466 0.508455
vt 0.442238 0.311651
vt 0.442695 0.009076
vt 0.442969 0.215007
vt 0.443506 0.506824
vt 0.445473 0.314227
vt 0.444698 0.010970
vt 0.445079 0.212854
vt 0.445517 0.504987
vt 0.446593 0.013032
vt 0.447000 0.210594
vt 0.447935 0.501471
vt 0.448343 0.318381
vt 0.448396 0.015272
vt 0.448737 0.208231
vt 0.449989 0.498039
vt 0.450703 0.322526
vt 0.450121 0.017701
vt 0.450296 0.205768
vt 0.451710 0.494662
vt 0.451785 0.020328
vt 0.451682 0.203208
vt 0.452602 0.326680
vt 0.453127 0.491307
vt 0.452899 0.200556
vt 0.453403 0.023165
vt 0.454089 0.330861
vt 0.453954 0.197813
vt 0.454271 0.487945
vt 0.454506 0.026648
vt 0.454850 0.194984
vt 0.455212 0.335087
vt 0.455171 0.484543
vt 0.455376 0.030177
vt 0.455593 0.192071
vt 0.455858 0.481072
vt 0.456022 0.339375
vt 0.456038 0.033747
vt 0.456189 0.189077
vt 0.456361 0.477500
vt 0.456568 0.343742
vt 0.456519 0.037351
vt 0.456641 0.186006
vt 0.456710 0.473796
vt 0.456898 0.348206
vt 0.456843 0.040983
vt 0.456645 0.185278
vt 0.456935 0.469929
vt 0.456648 0.184553
vt 0.456651 0.183831
vt 0.456655 0.183112
vt 0.456658 0.182395
vt 0.456662 0.181680
vt 0.456665 0.180967
vt 0.456669 0.180255
vt 0.456672 0.179545
vt 0.456675 0.178835
vt 0.456679 0.178126
vt 0.456682 0.177418
vt 0.456694 0.176169
vt 0.456706 0.174920
vt 0.456717 0.173672
vt 0.456770 0.114765
vt 0.456772 0.112345
vt 0.456728 0.172423
vt 0.456738 0.171174
vt 0.456747 0.169925
vt 0.456754 0.168677
vt 0.456761 0.167428
vt 0.456760 0.157972
vt 0.456760 0.157080
vt 0.456765 0.166179
vt 0.456761 0.158864
vt 0.456760 0.156188
vt 0.456762 0.159756
vt 0.456761 0.155296
vt 0.456763 0.160648
vt 0.456762 0.154404
vt 0.456765 0.161541
vt 0.456764 0.153512
vt 0.456768 0.164930
vt 0.456768 0.162433
vt 0.456766 0.152620
vt 0.456769 0.163682
vt 0.456769 0.151728
vt 0.456776 0.149858
vt 0.456770 0.117185
vt 0.456782 0.147987
vt 0.456772 0.119605
vt 0.456776 0.122025
vt 0.456777 0.109926
vt 0.456781 0.124445
vt 0.456788 0.146117
vt 0.456784 0.107506
vt 0.456788 0.126865
vt 0.456793 0.144247
vt 0.456796 0.129285
vt 0.456794 0.105086
vt 0.456798 0.142377
vt 0.456801 0.140506
vt 0.456800 0.131155
vt 0.456803 0.138636
vt 0.456803 0.133025
vt 0.456807 0.102666
vt 0.456805 0.136766
vt 0.456805 0.134895
vt 0.456824 0.100247
vt 0.456837 0.098353
vt 0.456850 0.096459
vt 0.457062 0.352785
vt 0.457067 0.465868
vt 0.457005 0.410040
vt 0.457004 0.407785
vt 0.457006 0.405529
vt 0.456861 0.094565
vt 0.456891 0.066639
vt 0.457037 0.044636
vt 0.456871 0.092671
vt 0.456879 0.090777
vt 0.456887 0.088884
vt 0.456893 0.086990
vt 0.456898 0.085096
vt 0.456891 0.067546
vt 0.456943 0.062994
vt 0.456892 0.068452
vt 0.456892 0.069359
vt 0.456893 0.070266
vt 0.456894 0.071173
vt 0.456895 0.072080
vt 0.456902 0.083202
vt 0.456896 0.072986
vt 0.456897 0.073893
vt 0.456899 0.074800
vt 0.456900 0.075707
vt 0.456904 0.081309
vt 0.456902 0.076614
vt 0.456904 0.077521
vt 0.456905 0.079415
vt 0.457009 0.412296
vt 0.457012 0.403273
vt 0.457015 0.414552
vt 0.457020 0.401017
vt 0.457024 0.416807
vt 0.457032 0.398761
vt 0.457051 0.367385
vt 0.457034 0.419063
vt 0.457017 0.059331
vt 0.457047 0.421319
vt 0.457043 0.396993
vt 0.457061 0.423575
vt 0.457053 0.395225
vt 0.457134 0.461582
vt 0.457070 0.451822
vt 0.457062 0.393458
vt 0.457076 0.425831
vt 0.457076 0.452628
vt 0.457076 0.449656
vt 0.457054 0.368544
vt 0.457089 0.362357
vt 0.457057 0.369528
vt 0.457081 0.453433
vt 0.457070 0.391690
vt 0.457059 0.370373
vt 0.457082 0.447490
vt 0.457062 0.371114
vt 0.457064 0.371787
vt 0.457086 0.454240
vt 0.457086 0.427997
vt 0.457066 0.372427
vt 0.457088 0.445324
vt 0.457076 0.389922
vt 0.457068 0.373069
vt 0.457109 0.357496
vt 0.457092 0.455047
vt 0.457070 0.373748
vt 0.457072 0.374500
vt 0.457093 0.443158
vt 0.457075 0.375360
vt 0.457081 0.388154
vt 0.457097 0.455856
vt 0.457094 0.430163
vt 0.457078 0.376363
vt 0.457097 0.440993
vt 0.457085 0.386386
vt 0.457082 0.377545
vt 0.457102 0.456666
vt 0.457098 0.432329
vt 0.457100 0.438827
vt 0.457086 0.379313
vt 0.457087 0.384618
vt 0.457108 0.457478
vt 0.457088 0.381082
vt 0.457101 0.436660
vt 0.457088 0.382850
vt 0.457101 0.434495
vt 0.457113 0.458293
vt 0.457090 0.055658
vt 0.457118 0.459110
vt 0.085731 0.517078
vt 0.457125 0.048304
vt 0.457134 0.051980
vt 0.914259 0.251870
vt 0.913670 0.248205
vt 0.914269 0.251044
vt 0.914247 0.252872
vt 0.914232 0.254164
vt 0.914219 0.255305
vt 0.914207 0.256354
vt 0.914196 0.257338
vt 0.914186 0.258149
vt 0.913973 0.263661
vt 0.913227 0.268632
vt 0.912958 0.245516
vt 0.911977 0.273117
vt 0.912123 0.242966
vt 0.911159 0.240543
vt 0.910255 0.277172
vt 0.910059 0.238239
vt 0.908091 0.280852
vt 0.908813 0.236041
vt 0.907415 0.233939
vt 0.905515 0.284215
vt 0.905858 0.231923
vt 0.904132 0.229982
vt 0.902559 0.287316
vt 0.902232 0.228106
vt 0.899252 0.290211
vt 0.900149 0.226283
vt 0.897875 0.224504
vt 0.895625 0.292955
vt 0.896346 0.223559
vt 0.894813 0.222624
vt 0.891708 0.295606
vt 0.893276 0.221700
vt 0.891735 0.220786
vt 0.890190 0.219880
vt 0.887533 0.298218
vt 0.888640 0.218982
vt 0.887087 0.218091
vt 0.883129 0.300849
vt 0.885530 0.217207
vt 0.883969 0.216328
vt 0.882404 0.215454
vt 0.882461 0.301230
vt 0.881797 0.301609
vt 0.880835 0.214583
vt 0.881135 0.301987
vt 0.880475 0.302363
vt 0.879262 0.213716
vt 0.879817 0.302738
vt 0.879162 0.303111
vt 0.878674 0.213383
vt 0.878508 0.303484
vt 0.878087 0.213049
vt 0.877855 0.303856
vt 0.877499 0.212716
vt 0.877204 0.304228
vt 0.876910 0.212382
vt 0.876553 0.304598
vt 0.876320 0.212047
vt 0.875903 0.304969
vt 0.875729 0.211712
vt 0.875253 0.305339
vt 0.875137 0.211376
vt 0.869918 0.308442
vt 0.874543 0.211038
vt 0.873947 0.210700
vt 0.873348 0.210360
vt 0.872748 0.210019
vt 0.872144 0.209676
vt 0.870882 0.208961
vt 0.869619 0.208247
vt 0.864576 0.311530
vt 0.868356 0.207533
vt 0.867093 0.206819
vt 0.865830 0.206107
vt 0.864566 0.205394
vt 0.859226 0.314603
vt 0.863301 0.204683
vt 0.862037 0.203972
vt 0.860772 0.203262
vt 0.859507 0.202552
vt 0.858241 0.201843
vt 0.853869 0.317663
vt 0.856976 0.201134
vt 0.854346 0.199656
vt 0.851719 0.198173
vt 0.848505 0.320710
vt 0.849094 0.196686
vt 0.846471 0.195195
vt 0.843135 0.323746
vt 0.843850 0.193701
vt 0.841230 0.192204
vt 0.837759 0.326770
vt 0.838612 0.190705
vt 0.835995 0.189204
vt 0.832378 0.329783
vt 0.833378 0.187701
vt 0.830762 0.186198
vt 0.826991 0.332786
vt 0.828147 0.184693
vt 0.825531 0.183188
vt 0.821598 0.335781
vt 0.823514 0.182028
vt 0.821497 0.180868
vt 0.816201 0.338767
vt 0.819479 0.179709
vt 0.817461 0.178550
vt 0.815442 0.177392
vt 0.810799 0.341745
vt 0.813424 0.176234
vt 0.811405 0.175077
vt 0.809385 0.173920
vt 0.805652 0.344578
vt 0.807366 0.172764
vt 0.805347 0.171607
vt 0.800516 0.347426
vt 0.803327 0.170451
vt 0.801308 0.169296
vt 0.797498 0.167111
vt 0.795391 0.350290
vt 0.793689 0.164925
vt 0.790276 0.353171
vt 0.789881 0.162737
vt 0.785171 0.356068
vt 0.786075 0.160546
vt 0.782269 0.158354
vt 0.780076 0.358983
vt 0.778464 0.156160
vt 0.774990 0.361915
vt 0.774661 0.153965
vt 0.769914 0.364864
vt 0.770858 0.151768
vt 0.767055 0.149570
vt 0.764847 0.367832
vt 0.763254 0.147371
vt 0.759788 0.370817
vt 0.759453 0.145170
vt 0.754737 0.373822
vt 0.755652 0.142969
vt 0.755051 0.142620
vt 0.754449 0.142272
vt 0.749695 0.376845
vt 0.753847 0.141923
vt 0.753244 0.141574
vt 0.752640 0.141224
vt 0.752035 0.140874
vt 0.751429 0.140522
vt 0.750821 0.140170
vt 0.750210 0.139816
vt 0.749598 0.139461
vt 0.743194 0.380747
vt 0.748983 0.139105
vt 0.748365 0.138747
vt 0.746553 0.137697
vt 0.744741 0.136646
vt 0.742929 0.135596
vt 0.736684 0.384630
vt 0.741117 0.134545
vt 0.739305 0.133494
vt 0.737493 0.132444
vt 0.735682 0.131393
vt 0.730166 0.388497
vt 0.733870 0.130343
vt 0.732058 0.129292
vt 0.730246 0.128241
vt 0.728434 0.127191
vt 0.723639 0.392348
vt 0.726622 0.126140
vt 0.719081 0.121768
vt 0.717105 0.396185
vt 0.711539 0.117397
vt 0.710563 0.400007
vt 0.703996 0.113029
vt 0.704014 0.403815
vt 0.697458 0.407612
vt 0.696452 0.108662
vt 0.690895 0.411398
vt 0.688906 0.104299
vt 0.684326 0.415174
vt 0.681358 0.099939
vt 0.677751 0.418940
vt 0.673809 0.095581
vt 0.671171 0.422699
vt 0.666257 0.091228
vt 0.667790 0.424625
vt 0.664410 0.426551
vt 0.658704 0.086878
vt 0.661030 0.428478
vt 0.657650 0.430406
vt 0.651147 0.082533
vt 0.654271 0.432334
vt 0.650892 0.434262
vt 0.643589 0.078192
vt 0.647513 0.436192
vt 0.644134 0.438121
vt 0.640756 0.440051
vt 0.636027 0.073855
vt 0.637379 0.441982
vt 0.634001 0.443914
vt 0.630746 0.070828
vt 0.630624 0.445846
vt 0.625465 0.067799
vt 0.629939 0.446238
vt 0.629256 0.446629
vt 0.628576 0.447018
vt 0.627899 0.447406
vt 0.627224 0.447792
vt 0.626552 0.448177
vt 0.625881 0.448561
vt 0.625211 0.448944
vt 0.620185 0.064769
vt 0.624542 0.449327
vt 0.623875 0.449709
vt 0.623208 0.450091
vt 0.622541 0.450473
vt 0.618688 0.452678
vt 0.614906 0.061738
vt 0.614836 0.454885
vt 0.610985 0.457093
vt 0.609627 0.058704
vt 0.607135 0.459305
vt 0.604350 0.055670
vt 0.603288 0.461519
vt 0.599073 0.052633
vt 0.599442 0.463737
vt 0.595599 0.465959
vt 0.596926 0.263470
vt 0.596918 0.260579
vt 0.593798 0.049595
vt 0.596836 0.266408
vt 0.596793 0.257730
vt 0.596662 0.269398
vt 0.596537 0.254916
vt 0.596421 0.272447
vt 0.596132 0.252133
vt 0.595929 0.274452
vt 0.595564 0.249374
vt 0.595499 0.276148
vt 0.591758 0.468185
vt 0.594815 0.246635
vt 0.595104 0.277591
vt 0.594718 0.278834
vt 0.593869 0.243909
vt 0.594315 0.279932
vt 0.593867 0.280939
vt 0.593348 0.281909
vt 0.592711 0.241190
vt 0.588523 0.046554
vt 0.592732 0.282898
vt 0.591992 0.283959
vt 0.591324 0.238474
vt 0.591101 0.285148
vt 0.587920 0.470417
vt 0.585689 0.236413
vt 0.590032 0.286517
vt 0.588760 0.288123
vt 0.583620 0.290524
vt 0.583250 0.043512
vt 0.584084 0.472654
vt 0.580898 0.234690
vt 0.580252 0.474897
vt 0.578396 0.292530
vt 0.577978 0.040467
vt 0.576774 0.233269
vt 0.576423 0.477146
vt 0.573098 0.294181
vt 0.572707 0.037420
vt 0.573141 0.232115
vt 0.573664 0.478771
vt 0.570905 0.480395
vt 0.569824 0.231192
vt 0.567734 0.295521
vt 0.572098 0.037068
vt 0.571488 0.036715
vt 0.570878 0.036362
vt 0.568144 0.482018
vt 0.570268 0.036009
vt 0.569656 0.035655
vt 0.566646 0.230464
vt 0.569043 0.035301
vt 0.568428 0.034945
vt 0.567812 0.034589
vt 0.565383 0.483640
vt 0.567193 0.034231
vt 0.562312 0.296591
vt 0.566573 0.033872
vt 0.563431 0.229896
vt 0.565949 0.033511
vt 0.565323 0.033149
vt 0.562622 0.485260
vt 0.561540 0.030952
vt 0.560004 0.229452
vt 0.559859 0.486878
vt 0.556840 0.297434
vt 0.557760 0.028750
vt 0.556188 0.229096
vt 0.557095 0.488495
vt 0.553984 0.026543
vt 0.554331 0.490110
vt 0.551327 0.298091
vt 0.551807 0.228794
vt 0.551565 0.491722
vt 0.550212 0.024329
vt 0.546687 0.228508
vt 0.548797 0.493333
vt 0.545782 0.298606
vt 0.546444 0.022108
vt 0.546029 0.494941
vt 0.540650 0.228203
vt 0.542680 0.019880
vt 0.543022 0.496684
vt 0.540212 0.299020
vt 0.542077 0.497229
vt 0.538921 0.017644
vt 0.541140 0.497770
vt 0.539977 0.498442
vt 0.538983 0.228115
vt 0.534626 0.299376
vt 0.538820 0.499110
vt 0.537316 0.228027
vt 0.535165 0.015400
vt 0.537896 0.499644
vt 0.534368 0.501707
vt 0.535649 0.227937
vt 0.533983 0.227847
vt 0.531415 0.013148
vt 0.529033 0.299715
vt 0.531070 0.503647
vt 0.532316 0.227756
vt 0.530649 0.227664
vt 0.527669 0.010887
vt 0.527764 0.505568
vt 0.528983 0.227571
vt 0.523441 0.300080
vt 0.527316 0.227478
vt 0.524440 0.507440
vt 0.523928 0.008617
vt 0.525650 0.227384
vt 0.523983 0.227289
vt 0.521087 0.509233
vt 0.522317 0.227193
vt 0.520193 0.006337
vt 0.514089 0.300762
vt 0.520650 0.227097
vt 0.517697 0.510918
vt 0.519830 0.227047
vt 0.517491 0.004899
vt 0.519012 0.226998
vt 0.518199 0.226949
vt 0.517388 0.226900
vt 0.514259 0.512465
vt 0.514796 0.003664
vt 0.516580 0.226851
vt 0.515774 0.226802
vt 0.514970 0.226753
vt 0.514168 0.226705
vt 0.512103 0.002623
vt 0.510765 0.513843
vt 0.513367 0.226657
vt 0.506242 0.301371
vt 0.512567 0.226608
vt 0.511768 0.226560
vt 0.509404 0.001768
vt 0.510970 0.226512
vt 0.507448 0.226327
vt 0.507204 0.515023
vt 0.506692 0.001091
vt 0.504049 0.226138
vt 0.503567 0.515976
vt 0.503959 0.000584
vt 0.499711 0.301956
vt 0.500759 0.225913
vt 0.501198 0.000238
vt 0.499844 0.516671
vt 0.498403 0.000046
vt 0.497563 0.225621
vt 0.496026 0.517078
vt 0.494304 0.302565
vt 0.495566 0.000000
vt 0.494445 0.225230
vt 0.493383 0.516596
vt 0.492681 0.000091
vt 0.491392 0.224708
vt 0.489833 0.303248
vt 0.490827 0.516074
vt 0.489740 0.000311
vt 0.488388 0.224024
vt 0.488353 0.515495
vt 0.486109 0.304054
vt 0.486735 0.000653
vt 0.485953 0.514842
vt 0.485420 0.223145
vt 0.483757 0.001759
vt 0.482940 0.305033
vt 0.483623 0.514100
vt 0.482472 0.222040
vt 0.480980 0.002970
vt 0.481356 0.513250
vt 0.480137 0.306233
vt 0.479530 0.220678
vt 0.479146 0.512278
vt 0.478388 0.004296
vt 0.477511 0.307703
vt 0.476578 0.219025
vt 0.476988 0.511166
vt 0.475967 0.005749
vt 0.474872 0.309493
vt 0.474875 0.509897
vt 0.473603 0.217052
vt 0.473701 0.007339
vt 0.472802 0.508455
vt 0.472030 0.311651
vt 0.471574 0.009076
vt 0.471300 0.215007
vt 0.470763 0.506824
vt 0.468796 0.314227
vt 0.469571 0.010970
vt 0.469190 0.212854
vt 0.468751 0.504987
vt 0.467676 0.013032
vt 0.467269 0.210594
vt 0.466334 0.501471
vt 0.465925 0.318381
vt 0.465873 0.015272
vt 0.465531 0.208231
vt 0.464280 0.498039
vt 0.463565 0.322526
vt 0.464148 0.017701
vt 0.463972 0.205768
vt 0.462559 0.494662
vt 0.462484 0.020328
vt 0.462587 0.203208
vt 0.461667 0.326680
vt 0.461141 0.491307
vt 0.461369 0.200556
vt 0.460866 0.023165
vt 0.460180 0.330861
vt 0.460315 0.197813
vt 0.459998 0.487945
vt 0.459762 0.026648
vt 0.459419 0.194984
vt 0.459056 0.335087
vt 0.459097 0.484543
vt 0.458893 0.030177
vt 0.458675 0.192071
vt 0.458411 0.481072
vt 0.458246 0.339375
vt 0.458230 0.033747
vt 0.458080 0.189077
vt 0.457908 0.477500
vt 0.457701 0.343742
vt 0.457750 0.037351
vt 0.457627 0.186006
vt 0.457559 0.473796
vt 0.457371 0.348206
vt 0.457426 0.040983
vt 0.457624 0.185278
vt 0.457334 0.469929
vt 0.457621 0.184553
vt 0.457617 0.183831
vt 0.457614 0.183112
vt 0.457610 0.182395
vt 0.457607 0.181680
vt 0.457604 0.180967
vt 0.457600 0.180255
vt 0.457597 0.179545
vt 0.457593 0.178835
vt 0.457590 0.178126
vt 0.457587 0.177418
vt 0.457575 0.176169
vt 0.457563 0.174920
vt 0.457551 0.173672
vt 0.457499 0.114765
vt 0.457496 0.112345
vt 0.457541 0.172423
vt 0.457531 0.171174
vt 0.457522 0.169925
vt 0.457514 0.168677
vt 0.457508 0.167428
vt 0.457509 0.157972
vt 0.457509 0.157080
vt 0.457503 0.166179
vt 0.457508 0.158864
vt 0.457508 0.156188
vt 0.457507 0.159756
vt 0.457508 0.155296
vt 0.457505 0.160648
vt 0.457506 0.154404
vt 0.457503 0.161541
vt 0.457505 0.153512
vt 0.457500 0.164930
vt 0.457501 0.162433
vt 0.457503 0.152620
vt 0.457500 0.163682
vt 0.457500 0.151728
vt 0.214357 0.549751
vt 0.214364 0.517078
vt 0.214364 0.551621
vt 0.214350 0.547881
vt 0.214362 0.519498
vt 0.214358 0.521918
vt 0.457492 0.109926
vt 0.214352 0.524338
vt 0.214344 0.546010
vt 0.457484 0.107506
vt 0.214345 0.526758
vt 0.214339 0.544140
vt 0.214337 0.529178
vt 0.457474 0.105086
vt 0.214335 0.542270
vt 0.214332 0.540399
vt 0.214333 0.531048
vt 0.214329 0.538529
vt 0.214330 0.532918
vt 0.457461 0.102666
vt 0.214328 0.536659
vt 0.214328 0.534788
vt 0.457445 0.100246
vt 0.457431 0.098352
vt 0.457419 0.096459
vt 0.457207 0.352785
vt 0.457202 0.465868
vt 0.457263 0.410040
vt 0.457264 0.407785
vt 0.457262 0.405529
vt 0.457408 0.094565
vt 0.457377 0.066639
vt 0.457232 0.044636
vt 0.457398 0.092671
vt 0.457389 0.090777
vt 0.457382 0.088884
vt 0.457376 0.086990
vt 0.457371 0.085096
vt 0.457377 0.067546
vt 0.457326 0.062994
vt 0.457377 0.068452
vt 0.457376 0.069359
vt 0.457376 0.070266
vt 0.457375 0.071173
vt 0.457374 0.072080
vt 0.457367 0.083202
vt 0.457373 0.072986
vt 0.457371 0.073893
vt 0.457370 0.074800
vt 0.457368 0.075707
vt 0.457365 0.081308
vt 0.457367 0.076614
vt 0.457365 0.077520
vt 0.457364 0.079415
vt 0.457259 0.412296
vt 0.457257 0.403273
vt 0.457253 0.414552
vt 0.457249 0.401017
vt 0.457245 0.416807
vt 0.457236 0.398761
vt 0.457218 0.367385
vt 0.457234 0.419063
vt 0.457251 0.059331
vt 0.457222 0.421319
vt 0.457225 0.396993
vt 0.457208 0.423575
vt 0.457215 0.395225
vt 0.457134 0.461582
vt 0.457198 0.451822
vt 0.457207 0.393458
vt 0.457192 0.425831
vt 0.457193 0.452628
vt 0.457192 0.449656
vt 0.457215 0.368544
vt 0.457180 0.362357
vt 0.457212 0.369528
vt 0.457188 0.453433
vt 0.457199 0.391690
vt 0.457209 0.370373
vt 0.457186 0.447490
vt 0.457207 0.371114
vt 0.457205 0.371787
vt 0.457182 0.454240
vt 0.457182 0.427997
vt 0.457203 0.372427
vt 0.457181 0.445324
vt 0.457193 0.389922
vt 0.457201 0.373069
vt 0.457159 0.357496
vt 0.457177 0.455047
vt 0.457199 0.373748
vt 0.457196 0.374500
vt 0.457176 0.443158
vt 0.457194 0.375360
vt 0.457188 0.388154
vt 0.457172 0.455856
vt 0.457175 0.430162
vt 0.457190 0.376363
vt 0.457172 0.440992
vt 0.457184 0.386386
vt 0.457187 0.377545
vt 0.457166 0.456666
vt 0.457170 0.432328
vt 0.457169 0.438826
vt 0.457183 0.379313
vt 0.457182 0.384618
vt 0.457161 0.457478
vt 0.457181 0.381082
vt 0.457168 0.436660
vt 0.457181 0.382850
vt 0.457168 0.434494
vt 0.457156 0.458293
vt 0.457179 0.055658
vt 0.457150 0.459110
vt 0.128597 0.517078
vt 0.457144 0.048304
vt 0.457134 0.051980
vt 1.000000 0.092684
vt 1.000000 0.093396
vt 0.957134 0.093396
vt 0.957134 0.092684
vt 0.085731 0.649453
vt 0.085731 0.650635
vt 0.042866 0.650635
vt 0.042866 0.649453
vt 1.000000 0.435081
vt 1.000000 0.436532
vt 0.957134 0.436532
vt 0.957134 0.435081
vt 0.042866 0.573696
vt 0.042866 0.574588
vt 0.000000 0.574588
vt 0.000000 0.573696
vt 0.171463 0.522738
vt 0.171463 0.525574
vt 0.128597 0.525574
vt 0.128597 0.522738
vt 0.957134 0.409341
vt 0.957134 0.412534
vt 0.914269 0.412534
vt 0.914269 0.409341
vt 0.957134 0.068088
vt 0.957134 0.074245
vt 0.914269 0.074245
vt 0.914269 0.068088
vt 0.042866 0.582617
vt 0.042866 0.583509
vt 0.000000 0.583509
vt 0.000000 0.582617
vt 1.000000 0.223692
vt 1.000000 0.232409
vt 0.957134 0.232409
vt 0.957134 0.223692
vt 0.085731 0.570332
vt 0.085731 0.571143
vt 0.042866 0.571143
vt 0.042866 0.570332
vt 1.000000 0.005445
vt 1.000000 0.007886
vt 0.957134 0.007886
vt 0.957134 0.005445
vt 0.957134 0.275581
vt 0.957134 0.283144
vt 0.914269 0.283144
vt 0.914269 0.275581
vt 0.042866 0.571198
vt 0.042866 0.572447
vt 0.000000 0.572447
vt 0.000000 0.571198
vt 0.957134 0.495714
vt 0.957134 0.497578
vt 0.914269 0.497578
vt 0.914269 0.495714
vt 1.000000 0.091970
vt 0.957134 0.091970
vt 0.085731 0.594670
vt 0.085731 0.596836
vt 0.042866 0.596836
vt 0.042866 0.594670
vt 1.000000 0.433631
vt 0.957134 0.433631
vt 0.085731 0.586006
vt 0.085731 0.588172
vt 0.042866 0.588172
vt 0.042866 0.586006
vt 0.042866 0.584401
vt 0.000000 0.584401
vt 0.128597 0.603043
vt 0.128597 0.605318
vt 0.085731 0.605318
vt 0.085731 0.603043
vt 0.171463 0.585231
vt 0.171463 0.589411
vt 0.128597 0.589411
vt 0.128597 0.585231
vt 1.000000 0.214976
vt 0.957134 0.214976
vt 1.000000 0.432180
vt 0.957134 0.432180
vt 0.957134 0.290708
vt 0.914269 0.290708
vt 0.042866 0.586271
vt 0.000000 0.586271
vt 1.000000 0.091253
vt 0.957134 0.091253
vt 0.085731 0.647685
vt 0.042866 0.647685
vt 1.000000 0.430729
vt 0.957134 0.430729
vt 1.000000 0.003406
vt 0.957134 0.003406
vt 0.128597 0.535679
vt 0.128597 0.538312
vt 0.085731 0.538312
vt 0.085731 0.535679
vt 0.085731 0.640612
vt 0.085731 0.642380
vt 0.042866 0.642380
vt 0.042866 0.640612
vt 1.000000 0.206259
vt 0.957134 0.206259
vt 1.000000 0.429279
vt 0.957134 0.429279
vt 0.042866 0.618944
vt 0.042866 0.621363
vt 0.000000 0.621363
vt 0.000000 0.618944
vt 0.171463 0.520470
vt 0.128597 0.520470
vt 0.957134 0.294591
vt 0.914269 0.294591
vt 0.042866 0.588141
vt 0.000000 0.588141
vt 0.957134 0.499341
vt 0.914269 0.499341
vt 1.000000 0.090533
vt 0.957134 0.090533
vt 0.085731 0.569520
vt 0.042866 0.569520
vt 1.000000 0.427828
vt 0.957134 0.427828
vt 0.957134 0.298475
vt 0.914269 0.298475
vt 0.957134 0.080403
vt 0.914269 0.080403
vt 0.128597 0.607475
vt 0.085731 0.607475
vt 1.000000 0.089809
vt 0.957134 0.089809
vt 0.085731 0.645917
vt 0.042866 0.645917
vt 0.042866 0.616524
vt 0.000000 0.616524
vt 0.957134 0.415728
vt 0.914269 0.415728
vt 0.085731 0.590338
vt 0.042866 0.590338
vt 1.000000 0.197543
vt 0.957134 0.197543
vt 1.000000 0.426378
vt 0.957134 0.426378
vt 0.042866 0.614104
vt 0.000000 0.614104
vt 1.000000 0.001593
vt 0.957134 0.001593
vt 0.957134 0.302359
vt 0.914269 0.302359
vt 0.085731 0.644148
vt 0.042866 0.644148
vt 0.042866 0.623783
vt 0.042866 0.626203
vt 0.000000 0.626203
vt 0.000000 0.623783
vt 0.957134 0.500999
vt 0.914269 0.500999
vt 1.000000 0.085435
vt 0.957134 0.085435
vt 1.000000 0.423361
vt 0.957134 0.423361
vt 0.128597 0.541191
vt 0.085731 0.541191
vt 0.957134 0.306242
vt 0.914269 0.306242
vt 0.085731 0.592504
vt 0.042866 0.592504
vt 1.000000 0.420344
vt 0.957134 0.420344
vt 0.042866 0.611684
vt 0.000000 0.611684
vt 0.171463 0.518630
vt 0.128597 0.518630
vt 0.957134 0.418921
vt 0.914269 0.418921
vt 0.957134 0.086561
vt 0.914269 0.086561
vt 0.042866 0.590011
vt 0.000000 0.590011
vt 0.128597 0.609512
vt 0.085731 0.609512
vt 1.000000 0.188826
vt 0.957134 0.188826
vt 0.085731 0.568705
vt 0.042866 0.568705
vt 0.957134 0.310126
vt 0.914269 0.310126
vt 0.042866 0.676798
vt 0.042866 0.680471
vt 0.000000 0.680471
vt 0.000000 0.676798
vt 0.042866 0.628623
vt 0.000000 0.628623
vt 0.957134 0.502552
vt 0.914269 0.502552
vt 0.171463 0.580896
vt 0.128597 0.580896
vt 1.000000 0.417327
vt 0.957134 0.417327
vt 0.957134 0.314009
vt 0.914269 0.314009
vt 1.000000 0.081060
vt 0.957134 0.081060
vt 0.085731 0.567888
vt 0.042866 0.567888
vt 1.000000 0.414310
vt 0.957134 0.414310
vt 0.042866 0.609264
vt 0.000000 0.609264
vt 1.000000 0.000000
vt 0.957134 0.000000
vt 0.128597 0.544458
vt 0.085731 0.544457
vt 0.957134 0.092719
vt 0.914269 0.092719
vt 0.042866 0.591882
vt 0.000000 0.591882
vt 1.000000 0.180110
vt 0.957134 0.180110
vt 0.085731 0.567068
vt 0.042866 0.567068
vt 0.171463 0.517078
vt 0.128597 0.517078
vt 0.957134 0.422114
vt 0.914269 0.422114
vt 0.957134 0.317893
vt 0.914269 0.317893
vt 0.085731 0.565416
vt 0.085731 0.566244
vt 0.042866 0.566244
vt 0.042866 0.565416
vt 0.128597 0.611430
vt 0.085731 0.611430
vt 1.000000 0.411293
vt 0.957134 0.411293
vt 0.042866 0.606844
vt 0.000000 0.606844
vt 0.957134 0.321776
vt 0.914269 0.321776
vt 0.042866 0.631042
vt 0.000000 0.631042
vt 0.957134 0.503997
vt 0.914269 0.503997
vt 1.000000 0.076687
vt 0.957134 0.076687
vt 0.042866 0.687825
vt 0.042866 0.691493
vt 0.000000 0.691493
vt 0.000000 0.687825
vt 1.000000 0.408276
vt 0.957134 0.408276
vt 0.957134 0.425308
vt 0.914269 0.425308
vt 0.957134 0.325659
vt 0.914269 0.325659
vt 0.042866 0.684149
vt 0.000000 0.684149
vt 0.957134 0.098878
vt 0.914269 0.098878
vt 0.042866 0.593752
vt 0.000000 0.593752
vt 0.042866 0.730355
vt 0.042866 0.731804
vt -0.000000 0.731804
vt 0.000000 0.730355
vt 1.000000 0.501760
vt 1.000000 0.502387
vt 0.957134 0.502387
vt 0.957134 0.501760
vt 0.042866 0.595622
vt 0.000000 0.595622
vt 0.171463 0.576433
vt 0.128597 0.576433
vt 1.000000 0.171394
vt 0.957134 0.171394
vt 1.000000 0.502941
vt 0.957134 0.502941
vt 1.000000 0.405259
vt 0.957134 0.405259
vt 0.085731 0.717482
vt 0.085731 0.719268
vt 0.042866 0.719268
vt 0.042866 0.717482
vt 0.128597 0.548254
vt 0.085731 0.548254
vt 0.957134 0.329542
vt 0.914269 0.329542
vt 1.000000 0.503450
vt 0.957134 0.503450
vt 0.957134 0.505332
vt 0.914269 0.505332
vt 0.957134 0.434890
vt 0.957134 0.438358
vt 0.914269 0.438358
vt 0.914269 0.434890
vt 1.000000 0.402242
vt 0.957134 0.402242
vt 0.042866 0.604974
vt 0.000000 0.604974
vt 0.957134 0.428502
vt 0.914269 0.428502
vt 0.957134 0.333426
vt 0.914269 0.333426
vt 0.957134 0.105037
vt 0.914269 0.105037
vt 0.042866 0.597493
vt 0.000000 0.597493
vt 0.042866 0.517078
vt 0.042866 0.519055
vt 0.000000 0.519055
vt 0.000000 0.517078
vt 0.957134 0.439446
vt 0.914269 0.439446
vt 0.957134 0.440526
vt 0.914269 0.440526
vt 1.000000 0.072313
vt 0.957134 0.072313
vt 1.000000 0.165306
vt 0.957134 0.165306
vt 0.957134 0.441866
vt 0.914269 0.441866
vt 1.000000 0.399225
vt 0.957134 0.399225
vt 0.042866 0.603103
vt 0.000000 0.603103
vt 0.042866 0.728768
vt 0.000000 0.728768
vt 0.128597 0.552721
vt 0.085731 0.552721
vt 0.957134 0.337309
vt 0.914269 0.337309
vt 0.957134 0.443200
vt 0.914269 0.443200
vt 0.042866 0.633462
vt 0.000000 0.633462
vt 0.085731 0.517078
vt 0.085731 0.518522
vt 0.042866 0.518522
vt 0.042866 0.517078
vt 0.957134 0.444264
vt 0.914269 0.444264
vt 1.000000 0.396207
vt 0.957134 0.396207
vt 0.957134 0.431696
vt 0.914269 0.431696
vt 0.957134 0.111197
vt 0.914269 0.111197
vt 0.042866 0.599363
vt 0.000000 0.599363
vt 1.000000 0.159218
vt 0.957134 0.159218
vt 0.085731 0.715327
vt 0.042866 0.715327
vt 0.957134 0.338097
vt 0.914269 0.338097
vt 0.042866 0.601233
vt 0.000000 0.601233
vt 0.171463 0.571872
vt 0.128597 0.571872
vt 1.000000 0.393190
vt 0.957134 0.393190
vt 0.042866 0.727034
vt 0.000000 0.727034
vt 0.957134 0.338882
vt 0.914269 0.338882
vt 0.042866 0.635882
vt 0.000000 0.635882
vt 0.042866 0.521103
vt 0.000000 0.521103
vt 1.000000 0.067940
vt 0.957134 0.067940
vt 1.000000 0.390173
vt 0.957134 0.390173
vt 0.957134 0.339664
vt 0.914269 0.339664
vt 0.957134 0.117358
vt 0.914269 0.117358
vt 0.042866 0.637776
vt 0.000000 0.637776
vt 0.085731 0.520156
vt 0.042866 0.520156
vt 0.128597 0.558003
vt 0.085731 0.558003
vt 0.957134 0.340442
vt 0.914269 0.340442
vt 0.042866 0.639670
vt 0.000000 0.639670
vt 1.000000 0.387846
vt 0.957134 0.387846
vt 0.085731 0.712755
vt 0.042866 0.712755
vt 0.957134 0.341218
vt 0.914269 0.341218
vt 1.000000 0.063566
vt 0.957134 0.063566
vt 1.000000 0.385518
vt 0.957134 0.385518
vt 0.085731 0.674213
vt 0.085731 0.678792
vt 0.042866 0.678792
vt 0.042866 0.674213
vt 0.042866 0.725143
vt 0.000000 0.725143
vt 0.171463 0.567239
vt 0.128597 0.567239
vt 0.957134 0.341992
vt 0.914269 0.341992
vt 0.957134 0.123519
vt 0.914269 0.123519
vt 0.085731 0.557069
vt 0.085731 0.561130
vt 0.042866 0.561130
vt 0.042866 0.557069
vt 0.042866 0.523260
vt 0.000000 0.523260
vt 0.957134 0.342764
vt 0.914269 0.342764
vt 0.085731 0.521996
vt 0.042866 0.521996
vt 1.000000 0.059193
vt 0.957134 0.059193
vt 1.000000 0.383191
vt 0.957134 0.383191
vt 0.085731 0.616958
vt 0.085731 0.619213
vt 0.042866 0.619213
vt 0.042866 0.616958
vt 0.957134 0.343534
vt 0.914269 0.343534
vt 1.000000 0.500873
vt 1.000000 0.501274
vt 0.957134 0.501274
vt 0.957134 0.500873
vt 1.000000 0.380864
vt 0.957134 0.380864
vt 0.085731 0.621469
vt 0.042866 0.621469
vt 0.042866 0.723083
vt 0.000000 0.723083
vt 0.128597 0.559460
vt 0.085731 0.559460
vt 1.000000 0.498946
vt 0.957134 0.498946
vt 0.042866 0.525522
vt 0.000000 0.525522
vt 1.000000 0.153131
vt 0.957134 0.153131
vt 1.000000 0.378537
vt 0.957134 0.378537
vt 0.957134 0.344303
vt 0.914269 0.344303
vt 0.957134 0.129681
vt 0.914269 0.129681
vt 0.042866 0.641564
vt 0.000000 0.641564
vt 0.085731 0.525515
vt 0.042866 0.525515
vt 0.171463 0.562563
vt 0.128597 0.562563
vt 0.957134 0.345071
vt 0.914269 0.345071
vt 1.000000 0.376210
vt 0.957134 0.376210
vt 0.085731 0.708606
vt 0.042866 0.708606
vt 0.128597 0.560916
vt 0.085731 0.560916
vt 0.957134 0.345838
vt 0.914269 0.345838
vt 1.000000 0.503928
vt 0.957134 0.503928
vt 1.000000 0.373883
vt 0.957134 0.373883
vt 0.042866 0.695146
vt 0.000000 0.695146
vt 0.042866 0.720845
vt 0.000000 0.720845
vt 0.957134 0.346605
vt 0.914269 0.346605
vt 0.042866 0.643458
vt 0.000000 0.643458
vt 1.000000 0.504321
vt 0.957134 0.504321
vt 0.042866 0.527887
vt 0.000000 0.527887
vt 1.000000 0.054820
vt 0.957134 0.054820
vt 1.000000 0.371556
vt 0.957134 0.371556
vt 0.957134 0.351036
vt 0.914269 0.351036
vt 0.957134 0.135550
vt 0.914269 0.135550
vt 0.042866 0.645351
vt 0.000000 0.645351
vt 0.957134 0.000000
vt 0.957134 0.002626
vt 0.914269 0.002626
vt 0.914269 0.000000
vt 0.085731 0.528950
vt 0.042866 0.528950
vt 0.957134 0.448341
vt 0.914269 0.448341
vt 0.042866 0.647245
vt 0.000000 0.647245
vt 0.957134 0.005492
vt 0.914269 0.005492
vt 0.128597 0.562372
vt 0.085731 0.562372
vt 1.000000 0.147043
vt 0.957134 0.147043
vt 1.000000 0.369229
vt 0.957134 0.369229
vt 0.085731 0.704464
vt 0.042866 0.704464
vt 0.957134 0.355466
vt 0.914269 0.355466
vt 0.042866 0.649139
vt 0.000000 0.649139
vt 0.128597 0.563827
vt 0.085731 0.563827
vt 1.000000 0.366902
vt 0.957134 0.366902
vt 1.000000 0.496995
vt 0.957134 0.496995
vt 0.042866 0.718419
vt 0.000000 0.718419
vt 0.957134 0.359897
vt 0.914269 0.359897
vt 0.957134 0.141416
vt 0.914269 0.141416
vt 0.042866 0.651033
vt 0.000000 0.651033
vt 0.957134 0.008594
vt 0.914269 0.008594
vt 0.042866 0.530352
vt 0.000000 0.530352
vt 1.000000 0.050446
vt 0.957134 0.050446
vt 0.085731 0.532329
vt 0.042866 0.532329
vt 1.000000 0.140955
vt 0.957134 0.140955
vt 1.000000 0.364575
vt 0.957134 0.364575
vt 0.042866 0.668583
vt 0.042866 0.669490
vt 0.000000 0.669490
vt 0.000000 0.668583
vt 1.000000 0.495007
vt 0.957134 0.495007
vt 0.171463 0.557873
vt 0.128597 0.557873
vt 0.957134 0.364327
vt 0.914269 0.364327
vt 0.042866 0.673135
vt 0.000000 0.673135
vt 0.957134 0.452156
vt 0.914269 0.452156
vt 1.000000 0.362248
vt 0.957134 0.362248
vt 1.000000 0.492969
vt 0.957134 0.492969
vt 0.042866 0.715794
vt 0.000000 0.715794
vt 0.957134 0.011930
vt 0.914269 0.011930
vt 0.042866 0.532913
vt 0.000000 0.532913
vt 0.128597 0.565282
vt 0.085731 0.565282
vt 1.000000 0.134867
vt 0.957134 0.134867
vt 1.000000 0.357856
vt 0.957134 0.357856
vt 0.042866 0.667676
vt 0.000000 0.667676
vt 0.957134 0.368757
vt 0.914269 0.368757
vt 0.957134 0.147279
vt 0.914269 0.147279
vt 0.128597 0.566736
vt 0.085731 0.566736
vt 0.042866 0.666769
vt 0.000000 0.666769
vt 1.000000 0.490871
vt 0.957134 0.490871
vt 0.085731 0.700312
vt 0.042866 0.700312
vt 0.957134 0.015498
vt 0.914269 0.015498
vt 0.085731 0.535686
vt 0.042866 0.535686
vt 1.000000 0.128779
vt 0.957134 0.128779
vt 1.000000 0.353465
vt 0.957134 0.353465
vt 0.042866 0.665863
vt 0.000000 0.665863
vt 1.000000 0.046072
vt 0.957134 0.046072
vt 0.957134 0.373187
vt 0.914269 0.373187
vt 0.957134 0.153141
vt 0.914269 0.153141
vt 0.042866 0.535568
vt 0.000000 0.535568
vt 0.957134 0.455970
vt 0.914269 0.455970
vt 0.042866 0.664956
vt 0.000000 0.664956
vt 1.000000 0.488700
vt 0.957134 0.488700
vt 0.957134 0.377616
vt 0.914269 0.377616
vt 0.128597 0.568191
vt 0.085731 0.568191
vt 1.000000 0.349073
vt 0.957134 0.349073
vt 0.042866 0.664049
vt 0.000000 0.664049
vt 1.000000 0.486444
vt 0.957134 0.486444
vt 0.042866 0.712959
vt 0.000000 0.712959
vt 0.957134 0.159000
vt 0.914269 0.159000
vt 0.042866 0.652926
vt 0.000000 0.652926
vt 0.957134 0.019294
vt 0.914269 0.019294
vt 0.085731 0.696133
vt 0.042866 0.696133
vt 0.171463 0.553196
vt 0.128597 0.553196
vt 0.214328 0.541720
vt 0.214328 0.544611
vt 0.171463 0.544611
vt 0.171463 0.541720
vt 0.042866 0.538312
vt 0.000000 0.538312
vt 0.128597 0.569645
vt 0.085731 0.569645
vt 1.000000 0.344681
vt 0.957134 0.344681
vt 0.042866 0.663142
vt 0.000000 0.663142
vt 1.000000 0.484092
vt 0.957134 0.484092
vt 0.085731 0.539050
vt 0.042866 0.539050
vt 0.957134 0.459780
vt 0.914269 0.459780
vt 1.000000 0.122691
vt 0.957134 0.122691
vt 1.000000 0.340289
vt 0.957134 0.340289
vt 0.042866 0.662235
vt 0.000000 0.662235
vt 1.000000 0.481632
vt 0.957134 0.481632
vt 0.957134 0.164859
vt 0.914269 0.164859
vt 0.957134 0.023316
vt 0.914269 0.023316
vt 0.214328 0.538783
vt 0.171463 0.538783
vt 0.042866 0.661329
vt 0.000000 0.661329
vt 0.042866 0.709478
vt 0.000000 0.709478
vt 1.000000 0.041698
vt 0.957134 0.041698
vt 0.214328 0.547460
vt 0.171463 0.547460
vt 0.042866 0.541142
vt 0.000000 0.541142
vt 0.128597 0.571098
vt 0.085731 0.571098
vt 1.000000 0.335898
vt 0.957134 0.335898
vt 0.042866 0.660422
vt 0.000000 0.660422
vt 1.000000 0.479052
vt 0.957134 0.479052
vt 0.957134 0.170716
vt 0.914269 0.170716
vt 0.042866 0.654820
vt 0.000000 0.654820
vt 0.957134 0.027561
vt 0.914269 0.027561
vt 0.128597 0.572551
vt 0.085731 0.572551
vt 0.214328 0.535792
vt 0.171463 0.535792
vt 0.085731 0.691909
vt 0.042866 0.691909
vt 0.214328 0.550274
vt 0.171463 0.550274
vt 0.085731 0.542452
vt 0.042866 0.542452
vt 0.957134 0.463580
vt 0.914269 0.463580
vt 1.000000 0.331506
vt 0.957134 0.331506
vt 0.042866 0.659515
vt 0.000000 0.659515
vt 1.000000 0.476339
vt 0.957134 0.476339
vt 0.957134 0.176573
vt 0.914269 0.176573
vt 0.128597 0.574004
vt 0.085731 0.574004
vt 0.214328 0.532744
vt 0.171463 0.532744
vt 0.042866 0.658608
vt 0.000000 0.658608
vt 1.000000 0.473483
vt 0.957134 0.473483
vt 0.042866 0.705949
vt 0.000000 0.705949
vt 0.214328 0.553058
vt 0.171463 0.553058
vt 0.042866 0.656714
vt 0.000000 0.656714
vt 0.957134 0.032028
vt 0.914269 0.032028
vt 0.042866 0.544056
vt 0.000000 0.544056
vt 1.000000 0.327114
vt 0.957134 0.327114
vt 1.000000 0.037323
vt 0.957134 0.037323
vt 0.085731 0.545925
vt 0.042866 0.545925
vt 0.214328 0.530739
vt 0.171463 0.530739
vt 1.000000 0.322722
vt 0.957134 0.322722
vt 0.085731 0.614702
vt 0.042866 0.614702
vt 1.000000 0.471686
vt 0.957134 0.471686
vt 0.171463 0.545411
vt 0.128597 0.545411
vt 0.214328 0.555817
vt 0.171463 0.555817
vt 0.957134 0.182430
vt 0.914269 0.182430
vt 0.085731 0.623725
vt 0.042866 0.623725
vt 0.128597 0.575457
vt 0.085731 0.575457
vt 1.000000 0.469892
vt 0.957134 0.469892
vt 0.085731 0.687622
vt 0.042866 0.687622
vt 0.957134 0.036712
vt 0.914269 0.036712
vt 0.957134 0.467366
vt 0.914269 0.467366
vt 0.214328 0.529043
vt 0.171463 0.529043
vt 1.000000 0.318330
vt 0.957134 0.318330
vt 0.085731 0.612446
vt 0.042866 0.612446
vt 0.042866 0.702380
vt 0.000000 0.702380
vt 0.957134 0.382046
vt 0.914269 0.382046
vt 0.957134 0.188287
vt 0.914269 0.188287
vt 0.085731 0.625981
vt 0.042866 0.625981
vt 0.042866 0.547051
vt 0.000000 0.547051
vt 0.128597 0.576171
vt 0.085731 0.576171
vt 1.000000 0.468099
vt 0.957134 0.468099
vt 0.214328 0.558558
vt 0.171463 0.558558
vt 0.085731 0.549497
vt 0.042866 0.549497
vt 1.000000 0.313938
vt 0.957134 0.313938
vt 0.085731 0.610191
vt 0.042866 0.610191
vt 1.000000 0.466307
vt 0.957134 0.466307
vt 1.000000 0.034264
vt 0.957134 0.034264
vt 0.957134 0.194146
vt 0.914269 0.194146
vt 0.085731 0.628237
vt 0.042866 0.628237
vt 0.128597 0.576882
vt 0.085731 0.576882
vt 0.214328 0.527601
vt 0.171463 0.527601
vt 1.000000 0.464516
vt 0.957134 0.464516
vt 0.085731 0.683256
vt 0.042866 0.683256
vt 0.957134 0.041612
vt 0.914269 0.041612
vt 0.128597 0.577591
vt 0.085731 0.577591
vt 0.214328 0.526359
vt 0.171463 0.526359
vt 1.000000 0.309546
vt 0.957134 0.309546
vt 0.042866 0.698777
vt 0.000000 0.698777
vt 0.214328 0.561285
vt 0.171463 0.561285
vt 0.042866 0.550122
vt 0.000000 0.550122
vt 0.128597 0.578296
vt 0.085731 0.578296
vt 1.000000 0.308851
vt 0.957134 0.308851
vt 0.085731 0.607935
vt 0.042866 0.607935
vt 1.000000 0.462725
vt 0.957134 0.462725
vt 0.085731 0.553202
vt 0.042866 0.553202
vt 0.957134 0.471133
vt 0.914269 0.471133
vt 0.214328 0.525262
vt 0.171463 0.525262
vt 1.000000 0.308156
vt 0.957134 0.308156
vt 1.000000 0.460935
vt 0.957134 0.460935
vt 0.957134 0.200005
vt 0.914269 0.200005
vt 0.957134 0.046725
vt 0.914269 0.046725
vt 0.214328 0.524255
vt 0.171463 0.524255
vt 0.085731 0.605679
vt 0.042866 0.605679
vt 1.000000 0.031311
vt 0.957134 0.031311
vt 0.085731 0.630005
vt 0.042866 0.630005
vt 0.128597 0.579000
vt 0.085731 0.579000
vt 0.214328 0.523285
vt 0.171463 0.523285
vt 1.000000 0.307460
vt 0.957134 0.307460
vt 1.000000 0.459144
vt 0.957134 0.459144
vt 0.214328 0.564005
vt 0.171463 0.564005
vt 0.042866 0.550850
vt 0.000000 0.550850
vt 0.128597 0.579701
vt 0.085731 0.579701
vt 1.000000 0.306763
vt 0.957134 0.306763
vt 0.085731 0.603424
vt 0.042866 0.603424
vt 1.000000 0.457353
vt 0.957134 0.457353
vt 0.085731 0.631773
vt 0.042866 0.631773
vt 0.128597 0.580401
vt 0.085731 0.580401
vt 1.000000 0.116603
vt 0.957134 0.116603
vt 1.000000 0.306066
vt 0.957134 0.306066
vt 1.000000 0.455560
vt 0.957134 0.455560
vt 0.957134 0.047492
vt 0.914269 0.047492
vt 0.042866 0.551575
vt 0.000000 0.551575
vt 0.128597 0.581099
vt 0.085731 0.581099
vt 0.214328 0.522298
vt 0.171463 0.522298
vt 1.000000 0.305366
vt 0.957134 0.305366
vt 0.957134 0.048256
vt 0.914269 0.048256
vt 0.042866 0.552297
vt 0.000000 0.552297
vt 0.214328 0.521237
vt 0.171463 0.521237
vt 1.000000 0.304665
vt 0.957134 0.304665
vt 1.000000 0.028456
vt 0.957134 0.028456
vt 0.214328 0.566723
vt 0.171463 0.566723
vt 0.085731 0.633541
vt 0.042866 0.633541
vt 0.042866 0.553017
vt 0.000000 0.553017
vt 0.957134 0.474877
vt 0.914269 0.474877
vt 1.000000 0.303962
vt 0.957134 0.303962
vt 1.000000 0.453766
vt 0.957134 0.453766
vt 0.957134 0.049017
vt 0.914269 0.049017
vt 0.042866 0.553734
vt 0.000000 0.553734
vt 0.128597 0.581796
vt 0.085731 0.581796
vt 0.214328 0.520050
vt 0.171463 0.520050
vt 1.000000 0.303257
vt 0.957134 0.303257
vt 0.085731 0.601168
vt 0.042866 0.601168
vt 0.957134 0.386475
vt 0.914269 0.386475
vt 0.957134 0.049775
vt 0.914269 0.049775
vt 0.042866 0.554449
vt 0.000000 0.554449
vt 1.000000 0.302549
vt 0.957134 0.302549
vt 0.085731 0.574371
vt 0.085731 0.575176
vt 0.042866 0.575176
vt 0.042866 0.574371
vt 0.171463 0.538897
vt 0.128597 0.538897
vt 0.128597 0.521222
vt 0.085731 0.521222
vt 0.957134 0.207561
vt 0.914269 0.207561
vt 0.085731 0.577342
vt 0.042866 0.577342
vt 0.042866 0.555162
vt 0.000000 0.555162
vt 0.128597 0.582492
vt 0.085731 0.582492
vt 1.000000 0.451970
vt 0.957134 0.451970
vt 0.957134 0.050531
vt 0.914269 0.050531
vt 0.042866 0.555873
vt 0.000000 0.555873
vt 0.128597 0.583188
vt 0.085731 0.583188
vt 0.214328 0.518682
vt 0.171463 0.518682
vt 1.000000 0.301839
vt 0.957134 0.301839
vt 0.085731 0.658455
vt 0.085731 0.659613
vt 0.042866 0.659613
vt 0.042866 0.658455
vt 0.085731 0.664641
vt 0.042866 0.664641
vt 0.957134 0.051284
vt 0.914269 0.051284
vt 0.042866 0.556584
vt 0.000000 0.556584
vt 0.214328 0.517078
vt 0.171463 0.517078
vt 1.000000 0.301124
vt 0.957134 0.301124
vt 1.000000 0.025688
vt 0.957134 0.025688
vt 0.042866 0.557293
vt 0.000000 0.557293
vt 0.128597 0.583883
vt 0.085731 0.583883
vt 0.171463 0.600734
vt 0.171463 0.604009
vt 0.128597 0.604009
vt 0.128597 0.600734
vt 1.000000 0.299030
vt 0.957134 0.299030
vt 0.085731 0.657470
vt 0.042866 0.657470
vt 1.000000 0.451294
vt 0.957134 0.451294
vt 0.957134 0.052035
vt 0.914269 0.052035
vt 0.042866 0.558002
vt 0.000000 0.558002
vt 0.128597 0.586961
vt 0.085731 0.586961
vt 1.000000 0.110515
vt 0.957134 0.110515
vt 1.000000 0.296936
vt 0.957134 0.296936
vt 0.085731 0.573565
vt 0.042866 0.573565
vt 0.957134 0.390904
vt 0.914269 0.390904
vt 0.085731 0.635309
vt 0.042866 0.635309
vt 0.042866 0.558711
vt 0.000000 0.558711
vt 0.957134 0.478593
vt 0.914269 0.478593
vt 1.000000 0.294841
vt 0.957134 0.294841
vt 1.000000 0.450619
vt 0.957134 0.450619
vt 0.128597 0.524760
vt 0.085731 0.524760
vt 0.957134 0.215117
vt 0.914269 0.215117
vt 0.957134 0.052785
vt 0.914269 0.052785
vt 0.042866 0.559959
vt 0.000000 0.559959
vt 0.085731 0.656625
vt 0.042866 0.656625
vt 1.000000 0.022996
vt 0.957134 0.022996
vt 0.957134 0.395333
vt 0.914269 0.395333
vt 0.085731 0.579508
vt 0.042866 0.579508
vt 0.042866 0.561208
vt 0.000000 0.561208
vt 0.128597 0.589926
vt 0.085731 0.589926
vt 1.000000 0.292747
vt 0.957134 0.292747
vt 1.000000 0.449943
vt 0.957134 0.449943
vt 0.957134 0.053534
vt 0.914269 0.053534
vt 0.042866 0.562457
vt 0.000000 0.562457
vt 0.957134 0.482276
vt 0.914269 0.482276
vt 0.171463 0.597191
vt 0.128597 0.597191
vt 1.000000 0.290653
vt 0.957134 0.290653
vt 0.085731 0.655884
vt 0.042866 0.655884
vt 1.000000 0.104427
vt 0.957134 0.104427
vt 1.000000 0.288558
vt 0.957134 0.288558
vt 0.085731 0.655211
vt 0.042866 0.655211
vt 1.000000 0.449266
vt 0.957134 0.449266
vt 1.000000 0.020371
vt 0.957134 0.020371
vt 0.128597 0.527832
vt 0.085731 0.527832
vt 0.957134 0.054281
vt 0.914269 0.054281
vt 1.000000 0.286464
vt 0.957134 0.286464
vt 0.085731 0.572759
vt 0.042866 0.572759
vt 0.171463 0.533513
vt 0.128597 0.533513
vt 0.957134 0.399761
vt 0.914269 0.399761
vt 0.957134 0.222673
vt 0.914269 0.222673
vt 0.042866 0.563706
vt 0.000000 0.563706
vt 0.128597 0.592779
vt 0.085731 0.592779
vt 0.085731 0.599002
vt 0.042866 0.599002
vt 1.000000 0.448588
vt 0.957134 0.448588
vt 0.957134 0.055028
vt 0.914269 0.055028
vt 0.042866 0.564954
vt 0.000000 0.564954
vt 0.171463 0.593407
vt 0.128597 0.593407
vt 1.000000 0.284369
vt 0.957134 0.284369
vt 0.085731 0.654571
vt 0.042866 0.654571
vt 1.000000 0.017802
vt 0.957134 0.017802
vt 0.085731 0.581674
vt 0.042866 0.581674
vt 0.042866 0.566203
vt 0.000000 0.566203
vt 0.957134 0.485923
vt 0.914269 0.485923
vt 1.000000 0.098339
vt 0.957134 0.098339
vt 1.000000 0.282275
vt 0.957134 0.282275
vt 1.000000 0.447908
vt 0.957134 0.447908
vt 0.128597 0.530581
vt 0.085731 0.530581
vt 0.085731 0.637076
vt 0.042866 0.637076
vt 0.957134 0.055774
vt 0.914269 0.055774
vt 0.042866 0.567452
vt 0.000000 0.567452
vt 1.000000 0.280181
vt 0.957134 0.280181
vt 1.000000 0.015279
vt 0.957134 0.015279
vt 0.957134 0.402954
vt 0.914269 0.402954
vt 0.042866 0.568701
vt 0.000000 0.568701
vt 0.128597 0.595518
vt 0.085731 0.595518
vt 1.000000 0.278086
vt 0.957134 0.278086
vt 0.085731 0.653929
vt 0.042866 0.653929
vt 1.000000 0.447227
vt 0.957134 0.447227
vt 0.957134 0.406148
vt 0.914269 0.406148
vt 0.957134 0.230229
vt 0.914269 0.230229
vt 0.085731 0.669502
vt 0.042866 0.669502
vt 0.957134 0.061931
vt 0.914269 0.061931
vt 0.957134 0.489528
vt 0.914269 0.489528
vt 0.042866 0.578157
vt 0.042866 0.579049
vt 0.000000 0.579049
vt 0.000000 0.578157
vt 0.128597 0.533150
vt 0.085731 0.533150
vt 1.000000 0.275992
vt 0.957134 0.275992
vt 0.085731 0.571951
vt 0.042866 0.571951
vt 1.000000 0.446544
vt 0.957134 0.446544
vt 0.171463 0.529119
vt 0.128597 0.529119
vt 0.042866 0.569949
vt 0.000000 0.569949
vt 1.000000 0.267275
vt 0.957134 0.267275
vt 0.085731 0.653250
vt 0.042866 0.653250
vt 1.000000 0.445859
vt 0.957134 0.445859
vt 1.000000 0.012793
vt 0.957134 0.012793
vt 0.957134 0.237786
vt 0.914269 0.237786
vt 0.128597 0.598142
vt 0.085731 0.598142
vt 1.000000 0.097635
vt 0.957134 0.097635
vt 0.085731 0.652498
vt 0.042866 0.652498
vt 1.000000 0.445171
vt 0.957134 0.445171
vt 0.042866 0.577265
vt 0.000000 0.577265
vt 0.085731 0.583840
vt 0.042866 0.583840
vt 0.042866 0.579941
vt 0.000000 0.579941
vt 0.957134 0.491687
vt 0.914269 0.491687
vt 1.000000 0.096931
vt 0.957134 0.096931
vt 1.000000 0.258559
vt 0.957134 0.258559
vt 1.000000 0.444480
vt 0.957134 0.444480
vt 0.957134 0.245343
vt 0.914269 0.245343
vt 1.000000 0.096227
vt 0.957134 0.096227
vt 0.085731 0.651638
vt 0.042866 0.651638
vt 1.000000 0.443786
vt 0.957134 0.443786
vt 0.042866 0.576372
vt 0.000000 0.576372
vt 1.000000 0.010331
vt 0.957134 0.010331
vt 0.085731 0.638844
vt 0.042866 0.638844
vt 0.042866 0.580833
vt 0.000000 0.580833
vt 0.128597 0.600651
vt 0.085731 0.600651
vt 1.000000 0.249842
vt 0.957134 0.249842
vt 1.000000 0.442335
vt 0.957134 0.442335
vt 0.957134 0.252901
vt 0.914269 0.252901
vt 1.000000 0.095521
vt 0.957134 0.095521
vt 1.000000 0.440884
vt 0.957134 0.440884
vt 0.042866 0.575480
vt 0.000000 0.575480
vt 0.957134 0.260460
vt 0.914269 0.260460
vt 0.042866 0.581725
vt 0.000000 0.581725
vt 0.957134 0.493749
vt 0.914269 0.493749
vt 1.000000 0.094815
vt 0.957134 0.094815
vt 1.000000 0.241126
vt 0.957134 0.241126
vt 1.000000 0.439433
vt 0.957134 0.439433
vt 0.957134 0.268020
vt 0.914269 0.268020
vt 1.000000 0.094106
vt 0.957134 0.094106
vt 1.000000 0.437983
vt 0.957134 0.437983
s 0
usemtl SVGMat.001
f 7/1/1 8/2/1 9/3/1
f 6/4/1 7/1/1 9/3/1
f 5/5/1 6/4/1 9/3/1
f 4/6/1 5/5/1 9/3/1
f 3/7/1 4/6/1 9/3/1
f 2/8/1 3/7/1 9/3/1
f 1/9/1 2/8/1 9/3/1
f 612/10/1 1/9/1 9/3/1
f 611/11/1 612/10/1 9/3/1
f 611/11/1 9/3/1 10/12/1
f 610/13/1 611/11/1 10/12/1
f 610/13/1 10/12/1 11/14/1
f 610/13/1 11/14/1 12/15/1
f 609/16/1 610/13/1 12/15/1
f 609/16/1 12/15/1 13/17/1
f 608/18/1 609/16/1 13/17/1
f 608/18/1 13/17/1 14/19/1
f 608/18/1 14/19/1 15/20/1
f 607/21/1 608/18/1 15/20/1
f 607/21/1 15/20/1 16/22/1
f 607/21/1 16/22/1 17/23/1
f 606/24/1 607/21/1 17/23/1
f 606/24/1 17/23/1 18/25/1
f 605/26/1 606/24/1 18/25/1
f 605/26/1 18/25/1 19/27/1
f 605/26/1 19/27/1 20/28/1
f 604/29/1 605/26/1 20/28/1
f 604/29/1 20/28/1 21/30/1
f 604/29/1 21/30/1 22/31/1
f 603/32/1 604/29/1 22/31/1
f 603/32/1 22/31/1 23/33/1
f 603/32/1 23/33/1 24/34/1
f 603/32/1 24/34/1 25/35/1
f 602/36/1 603/32/1 25/35/1
f 602/36/1 25/35/1 26/37/1
f 602/36/1 26/37/1 27/38/1
f 601/39/1 602/36/1 27/38/1
f 601/39/1 27/38/1 28/40/1
f 601/39/1 28/40/1 29/41/1
f 601/39/1 29/41/1 30/42/1
f 600/43/1 601/39/1 30/42/1
f 599/44/1 600/43/1 30/42/1
f 599/44/1 30/42/1 31/45/1
f 598/46/1 599/44/1 31/45/1
f 597/47/1 598/46/1 31/45/1
f 597/47/1 31/45/1 32/48/1
f 596/49/1 597/47/1 32/48/1
f 595/50/1 596/49/1 32/48/1
f 595/50/1 32/48/1 33/51/1
f 594/52/1 595/50/1 33/51/1
f 594/52/1 33/51/1 34/53/1
f 593/54/1 594/52/1 34/53/1
f 593/54/1 34/53/1 35/55/1
f 592/56/1 593/54/1 35/55/1
f 592/56/1 35/55/1 36/57/1
f 591/58/1 592/56/1 36/57/1
f 591/58/1 36/57/1 37/59/1
f 590/60/1 591/58/1 37/59/1
f 590/60/1 37/59/1 38/61/1
f 589/62/1 590/60/1 38/61/1
f 589/62/1 38/61/1 39/63/1
f 588/64/1 589/62/1 39/63/1
f 588/64/1 39/63/1 40/65/1
f 588/64/1 40/65/1 41/66/1
f 588/64/1 41/66/1 42/67/1
f 588/64/1 42/67/1 43/68/1
f 588/64/1 43/68/1 44/69/1
f 588/64/1 44/69/1 45/70/1
f 588/64/1 45/70/1 46/71/1
f 587/72/1 588/64/1 46/71/1
f 587/72/1 46/71/1 47/73/1
f 587/72/1 47/73/1 48/74/1
f 587/72/1 48/74/1 49/75/1
f 587/72/1 49/75/1 50/76/1
f 586/77/1 587/72/1 50/76/1
f 586/77/1 50/76/1 51/78/1
f 586/77/1 51/78/1 52/79/1
f 586/77/1 52/79/1 53/80/1
f 586/77/1 53/80/1 54/81/1
f 586/77/1 54/81/1 55/82/1
f 585/83/1 586/77/1 55/82/1
f 585/83/1 55/82/1 56/84/1
f 585/83/1 56/84/1 57/85/1
f 585/83/1 57/85/1 58/86/1
f 584/87/1 585/83/1 58/86/1
f 584/87/1 58/86/1 59/88/1
f 584/87/1 59/88/1 60/89/1
f 583/90/1 584/87/1 60/89/1
f 583/90/1 60/89/1 61/91/1
f 583/90/1 61/91/1 62/92/1
f 582/93/1 583/90/1 62/92/1
f 582/93/1 62/92/1 63/94/1
f 582/93/1 63/94/1 64/95/1
f 581/96/1 582/93/1 64/95/1
f 581/96/1 64/95/1 65/97/1
f 581/96/1 65/97/1 66/98/1
f 580/99/1 581/96/1 66/98/1
f 580/99/1 66/98/1 67/100/1
f 580/99/1 67/100/1 68/101/1
f 579/102/1 580/99/1 68/101/1
f 579/102/1 68/101/1 69/103/1
f 579/102/1 69/103/1 70/104/1
f 578/105/1 579/102/1 70/104/1
f 578/105/1 70/104/1 71/106/1
f 578/105/1 71/106/1 72/107/1
f 578/105/1 72/107/1 73/108/1
f 577/109/1 578/105/1 73/108/1
f 577/109/1 73/108/1 74/110/1
f 577/109/1 74/110/1 75/111/1
f 577/109/1 75/111/1 76/112/1
f 576/113/1 577/109/1 76/112/1
f 576/113/1 76/112/1 77/114/1
f 576/113/1 77/114/1 78/115/1
f 575/116/1 576/113/1 78/115/1
f 575/116/1 78/115/1 79/117/1
f 575/116/1 79/117/1 80/118/1
f 575/116/1 80/118/1 81/119/1
f 574/120/1 575/116/1 81/119/1
f 574/120/1 81/119/1 82/121/1
f 573/122/1 574/120/1 82/121/1
f 573/122/1 82/121/1 83/123/1
f 572/124/1 573/122/1 83/123/1
f 572/124/1 83/123/1 84/125/1
f 572/124/1 84/125/1 85/126/1
f 571/127/1 572/124/1 85/126/1
f 571/127/1 85/126/1 86/128/1
f 570/129/1 571/127/1 86/128/1
f 570/129/1 86/128/1 87/130/1
f 569/131/1 570/129/1 87/130/1
f 569/131/1 87/130/1 88/132/1
f 569/131/1 88/132/1 89/133/1
f 568/134/1 569/131/1 89/133/1
f 568/134/1 89/133/1 90/135/1
f 567/136/1 568/134/1 90/135/1
f 567/136/1 90/135/1 91/137/1
f 566/138/1 567/136/1 91/137/1
f 566/138/1 91/137/1 92/139/1
f 566/138/1 92/139/1 93/140/1
f 566/138/1 93/140/1 94/141/1
f 565/142/1 566/138/1 94/141/1
f 565/142/1 94/141/1 95/143/1
f 565/142/1 95/143/1 96/144/1
f 565/142/1 96/144/1 97/145/1
f 565/142/1 97/145/1 98/146/1
f 565/142/1 98/146/1 99/147/1
f 565/142/1 99/147/1 100/148/1
f 565/142/1 100/148/1 101/149/1
f 565/142/1 101/149/1 102/150/1
f 564/151/1 565/142/1 102/150/1
f 564/151/1 102/150/1 103/152/1
f 564/151/1 103/152/1 104/153/1
f 564/151/1 104/153/1 105/154/1
f 564/151/1 105/154/1 106/155/1
f 564/151/1 106/155/1 107/156/1
f 563/157/1 564/151/1 107/156/1
f 563/157/1 107/156/1 108/158/1
f 563/157/1 108/158/1 109/159/1
f 563/157/1 109/159/1 110/160/1
f 563/157/1 110/160/1 111/161/1
f 562/162/1 563/157/1 111/161/1
f 562/162/1 111/161/1 112/163/1
f 562/162/1 112/163/1 113/164/1
f 562/162/1 113/164/1 114/165/1
f 562/162/1 114/165/1 115/166/1
f 561/167/1 562/162/1 115/166/1
f 561/167/1 115/166/1 116/168/1
f 561/167/1 116/168/1 117/169/1
f 560/170/1 561/167/1 117/169/1
f 560/170/1 117/169/1 118/171/1
f 559/172/1 560/170/1 118/171/1
f 559/172/1 118/171/1 119/173/1
f 558/174/1 559/172/1 119/173/1
f 557/175/1 558/174/1 119/173/1
f 557/175/1 119/173/1 120/176/1
f 556/177/1 557/175/1 120/176/1
f 556/177/1 120/176/1 121/178/1
f 555/179/1 556/177/1 121/178/1
f 555/179/1 121/178/1 122/180/1
f 554/181/1 555/179/1 122/180/1
f 554/181/1 122/180/1 123/182/1
f 553/183/1 554/181/1 123/182/1
f 553/183/1 123/182/1 124/184/1
f 552/185/1 553/183/1 124/184/1
f 551/186/1 552/185/1 124/184/1
f 551/186/1 124/184/1 125/187/1
f 550/188/1 551/186/1 125/187/1
f 549/189/1 550/188/1 125/187/1
f 549/189/1 125/187/1 126/190/1
f 548/191/1 549/189/1 126/190/1
f 547/192/1 548/191/1 126/190/1
f 547/192/1 126/190/1 127/193/1
f 546/194/1 547/192/1 127/193/1
f 545/195/1 546/194/1 127/193/1
f 544/196/1 545/195/1 127/193/1
f 544/196/1 127/193/1 128/197/1
f 543/198/1 544/196/1 128/197/1
f 542/199/1 543/198/1 128/197/1
f 542/199/1 128/197/1 129/200/1
f 541/201/1 542/199/1 129/200/1
f 541/201/1 129/200/1 130/202/1
f 540/203/1 541/201/1 130/202/1
f 539/204/1 540/203/1 130/202/1
f 538/205/1 539/204/1 130/202/1
f 537/206/1 538/205/1 130/202/1
f 536/207/1 537/206/1 130/202/1
f 535/208/1 536/207/1 130/202/1
f 534/209/1 535/208/1 130/202/1
f 533/210/1 534/209/1 130/202/1
f 533/210/1 130/202/1 131/211/1
f 532/212/1 533/210/1 131/211/1
f 531/213/1 532/212/1 131/211/1
f 530/214/1 531/213/1 131/211/1
f 529/215/1 530/214/1 131/211/1
f 528/216/1 529/215/1 131/211/1
f 528/216/1 131/211/1 132/217/1
f 527/218/1 528/216/1 132/217/1
f 526/219/1 527/218/1 132/217/1
f 526/219/1 132/217/1 133/220/1
f 525/221/1 526/219/1 133/220/1
f 525/221/1 133/220/1 134/222/1
f 524/223/1 525/221/1 134/222/1
f 524/223/1 134/222/1 135/224/1
f 523/225/1 524/223/1 135/224/1
f 522/226/1 523/225/1 135/224/1
f 522/226/1 135/224/1 353/227/1
f 353/227/1 135/224/1 352/228/1
f 352/228/1 135/224/1 136/229/1
f 522/226/1 353/227/1 354/230/1
f 351/231/1 352/228/1 136/229/1
f 522/226/1 354/230/1 355/232/1
f 350/233/1 351/231/1 136/229/1
f 522/226/1 355/232/1 356/234/1
f 349/235/1 350/233/1 136/229/1
f 522/226/1 356/234/1 357/236/1
f 348/237/1 349/235/1 136/229/1
f 522/226/1 357/236/1 358/238/1
f 521/239/1 522/226/1 358/238/1
f 347/240/1 348/237/1 136/229/1
f 521/239/1 358/238/1 359/241/1
f 521/239/1 359/241/1 360/242/1
f 346/243/1 347/240/1 136/229/1
f 521/239/1 360/242/1 361/244/1
f 521/239/1 361/244/1 362/245/1
f 521/239/1 362/245/1 363/246/1
f 345/247/1 346/243/1 136/229/1
f 345/247/1 136/229/1 137/248/1
f 521/239/1 363/246/1 364/249/1
f 521/239/1 364/249/1 365/250/1
f 344/251/1 345/247/1 137/248/1
f 521/239/1 365/250/1 366/252/1
f 520/253/1 521/239/1 366/252/1
f 343/254/1 344/251/1 137/248/1
f 520/253/1 366/252/1 367/255/1
f 520/253/1 367/255/1 368/256/1
f 520/253/1 368/256/1 369/257/1
f 343/254/1 137/248/1 138/258/1
f 519/259/1 520/253/1 369/257/1
f 342/260/1 343/254/1 138/258/1
f 518/261/1 519/259/1 369/257/1
f 518/261/1 369/257/1 370/262/1
f 342/260/1 138/258/1 139/263/1
f 341/264/1 342/260/1 139/263/1
f 517/265/1 518/261/1 370/262/1
f 517/265/1 370/262/1 371/266/1
f 341/264/1 139/263/1 140/267/1
f 340/268/1 341/264/1 140/267/1
f 516/269/1 517/265/1 371/266/1
f 515/270/1 516/269/1 371/266/1
f 339/271/1 340/268/1 140/267/1
f 515/270/1 371/266/1 372/272/1
f 339/271/1 140/267/1 141/273/1
f 339/271/1 141/273/1 142/274/1
f 339/271/1 142/274/1 143/275/1
f 514/276/1 515/270/1 372/272/1
f 339/271/1 143/275/1 144/277/1
f 339/271/1 144/277/1 145/278/1
f 338/279/1 339/271/1 145/278/1
f 338/279/1 145/278/1 146/280/1
f 338/279/1 146/280/1 147/281/1
f 338/279/1 147/281/1 148/282/1
f 513/283/1 514/276/1 372/272/1
f 338/279/1 148/282/1 149/284/1
f 513/283/1 372/272/1 373/285/1
f 338/279/1 149/284/1 150/286/1
f 337/287/1 338/279/1 150/286/1
f 337/287/1 150/286/1 151/288/1
f 337/287/1 151/288/1 152/289/1
f 512/290/1 513/283/1 373/285/1
f 337/287/1 152/289/1 153/291/1
f 336/292/1 337/287/1 153/291/1
f 511/293/1 512/290/1 373/285/1
f 511/293/1 373/285/1 374/294/1
f 336/292/1 153/291/1 154/295/1
f 335/296/1 336/292/1 154/295/1
f 510/297/1 511/293/1 374/294/1
f 335/296/1 154/295/1 155/298/1
f 509/299/1 510/297/1 374/294/1
f 509/299/1 374/294/1 375/300/1
f 334/301/1 335/296/1 155/298/1
f 508/302/1 509/299/1 375/300/1
f 334/301/1 155/298/1 156/303/1
f 333/304/1 334/301/1 156/303/1
f 507/305/1 508/302/1 375/300/1
f 507/305/1 375/300/1 376/306/1
f 333/304/1 156/303/1 157/307/1
f 506/308/1 507/305/1 376/306/1
f 332/309/1 333/304/1 157/307/1
f 332/309/1 157/307/1 158/310/1
f 505/311/1 506/308/1 376/306/1
f 505/311/1 376/306/1 377/312/1
f 504/313/1 505/311/1 377/312/1
f 332/309/1 158/310/1 159/314/1
f 503/315/1 504/313/1 377/312/1
f 502/316/1 503/315/1 377/312/1
f 331/317/1 332/309/1 159/314/1
f 502/316/1 377/312/1 378/318/1
f 501/319/1 502/316/1 378/318/1
f 330/320/1 331/317/1 159/314/1
f 330/320/1 159/314/1 160/321/1
f 500/322/1 501/319/1 378/318/1
f 499/323/1 500/322/1 378/318/1
f 329/324/1 330/320/1 160/321/1
f 328/325/1 329/324/1 160/321/1
f 328/325/1 160/321/1 161/326/1
f 499/323/1 378/318/1 379/327/1
f 498/328/1 499/323/1 379/327/1
f 327/329/1 328/325/1 161/326/1
f 326/330/1 327/329/1 161/326/1
f 326/330/1 161/326/1 162/331/1
f 497/332/1 498/328/1 379/327/1
f 325/333/1 326/330/1 162/331/1
f 497/332/1 379/327/1 380/334/1
f 324/335/1 325/333/1 162/331/1
f 496/336/1 497/332/1 380/334/1
f 324/335/1 162/331/1 163/337/1
f 323/338/1 324/335/1 163/337/1
f 322/339/1 323/338/1 163/337/1
f 495/340/1 496/336/1 380/334/1
f 321/341/1 322/339/1 163/337/1
f 321/341/1 163/337/1 164/342/1
f 495/340/1 380/334/1 381/343/1
f 320/344/1 321/341/1 164/342/1
f 494/345/1 495/340/1 381/343/1
f 319/346/1 320/344/1 164/342/1
f 319/346/1 164/342/1 165/347/1
f 318/348/1 319/346/1 165/347/1
f 317/349/1 318/348/1 165/347/1
f 316/350/1 317/349/1 165/347/1
f 493/351/1 494/345/1 381/343/1
f 316/350/1 165/347/1 166/352/1
f 315/353/1 316/350/1 166/352/1
f 314/354/1 315/353/1 166/352/1
f 313/355/1 314/354/1 166/352/1
f 312/356/1 313/355/1 166/352/1
f 312/356/1 166/352/1 167/357/1
f 492/358/1 493/351/1 381/343/1
f 311/359/1 312/356/1 167/357/1
f 492/358/1 381/343/1 382/360/1
f 310/361/1 311/359/1 167/357/1
f 309/362/1 310/361/1 167/357/1
f 309/362/1 167/357/1 168/363/1
f 308/364/1 309/362/1 168/363/1
f 307/365/1 308/364/1 168/363/1
f 491/366/1 492/358/1 382/360/1
f 307/365/1 168/363/1 169/367/1
f 306/368/1 307/365/1 169/367/1
f 490/369/1 491/366/1 382/360/1
f 306/368/1 169/367/1 170/370/1
f 490/369/1 382/360/1 383/371/1
f 305/372/1 306/368/1 170/370/1
f 305/372/1 170/370/1 171/373/1
f 489/374/1 490/369/1 383/371/1
f 305/372/1 171/373/1 172/375/1
f 304/376/1 305/372/1 172/375/1
f 488/377/1 489/374/1 383/371/1
f 488/377/1 383/371/1 384/378/1
f 304/376/1 172/375/1 173/379/1
f 303/380/1 304/376/1 173/379/1
f 487/381/1 488/377/1 384/378/1
f 303/380/1 173/379/1 174/382/1
f 302/383/1 303/380/1 174/382/1
f 487/381/1 384/378/1 385/384/1
f 486/385/1 487/381/1 385/384/1
f 302/383/1 174/382/1 175/386/1
f 301/387/1 302/383/1 175/386/1
f 485/388/1 486/385/1 385/384/1
f 485/388/1 385/384/1 386/389/1
f 301/387/1 175/386/1 176/390/1
f 484/391/1 485/388/1 386/389/1
f 300/392/1 301/387/1 176/390/1
f 300/392/1 176/390/1 177/393/1
f 484/391/1 386/389/1 387/394/1
f 483/395/1 484/391/1 387/394/1
f 299/396/1 300/392/1 177/393/1
f 299/396/1 177/393/1 178/397/1
f 482/398/1 483/395/1 387/394/1
f 482/398/1 387/394/1 388/399/1
f 298/400/1 299/396/1 178/397/1
f 481/401/1 482/398/1 388/399/1
f 298/400/1 178/397/1 179/402/1
f 481/401/1 388/399/1 389/403/1
f 297/404/1 298/400/1 179/402/1
f 480/405/1 481/401/1 389/403/1
f 297/404/1 179/402/1 180/406/1
f 480/405/1 389/403/1 390/407/1
f 479/408/1 480/405/1 390/407/1
f 296/409/1 297/404/1 180/406/1
f 296/409/1 180/406/1 181/410/1
f 478/411/1 479/408/1 390/407/1
f 478/411/1 390/407/1 391/412/1
f 296/409/1 181/410/1 182/413/1
f 295/414/1 296/409/1 182/413/1
f 477/415/1 478/411/1 391/412/1
f 477/415/1 391/412/1 392/416/1
f 295/414/1 182/413/1 183/417/1
f 294/418/1 295/414/1 183/417/1
f 476/419/1 477/415/1 392/416/1
f 294/418/1 183/417/1 184/420/1
f 293/421/1 294/418/1 184/420/1
f 475/422/1 476/419/1 392/416/1
f 475/422/1 392/416/1 393/423/1
f 293/421/1 184/420/1 185/424/1
f 292/425/1 293/421/1 185/424/1
f 474/426/1 475/422/1 393/423/1
f 474/426/1 393/423/1 394/427/1
f 292/425/1 185/424/1 186/428/1
f 291/429/1 292/425/1 186/428/1
f 473/430/1 474/426/1 394/427/1
f 291/429/1 186/428/1 187/431/1
f 290/432/1 291/429/1 187/431/1
f 473/430/1 394/427/1 395/433/1
f 472/434/1 473/430/1 395/433/1
f 289/435/1 290/432/1 187/431/1
f 289/435/1 187/431/1 188/436/1
f 472/434/1 395/433/1 396/437/1
f 288/438/1 289/435/1 188/436/1
f 471/439/1 472/434/1 396/437/1
f 288/438/1 188/436/1 189/440/1
f 287/441/1 288/438/1 189/440/1
f 471/439/1 396/437/1 397/442/1
f 470/443/1 471/439/1 397/442/1
f 287/441/1 189/440/1 190/444/1
f 286/445/1 287/441/1 190/444/1
f 469/446/1 470/443/1 397/442/1
f 469/446/1 397/442/1 398/447/1
f 286/445/1 190/444/1 191/448/1
f 285/449/1 286/445/1 191/448/1
f 468/450/1 469/446/1 398/447/1
f 468/450/1 398/447/1 399/451/1
f 285/449/1 191/448/1 192/452/1
f 284/453/1 285/449/1 192/452/1
f 467/454/1 468/450/1 399/451/1
f 467/454/1 399/451/1 400/455/1
f 284/453/1 192/452/1 193/456/1
f 283/457/1 284/453/1 193/456/1
f 466/458/1 467/454/1 400/455/1
f 282/459/1 283/457/1 193/456/1
f 281/460/1 282/459/1 193/456/1
f 280/461/1 281/460/1 193/456/1
f 279/462/1 280/461/1 193/456/1
f 278/463/1 279/462/1 193/456/1
f 277/464/1 278/463/1 193/456/1
f 276/465/1 277/464/1 193/456/1
f 275/466/1 276/465/1 193/456/1
f 274/467/1 275/466/1 193/456/1
f 273/468/1 274/467/1 193/456/1
f 272/469/1 273/468/1 193/456/1
f 271/470/1 272/469/1 193/456/1
f 270/471/1 271/470/1 193/456/1
f 269/472/1 270/471/1 230/473/1
f 230/473/1 270/471/1 229/474/1
f 229/474/1 270/471/1 193/456/1
f 268/475/1 269/472/1 230/473/1
f 267/476/1 268/475/1 230/473/1
f 266/477/1 267/476/1 230/473/1
f 265/478/1 266/477/1 230/473/1
f 264/479/1 265/478/1 255/480/1
f 255/480/1 265/478/1 254/481/1
f 254/481/1 265/478/1 230/473/1
f 263/482/1 264/479/1 255/480/1
f 263/482/1 255/480/1 256/483/1
f 253/484/1 254/481/1 230/473/1
f 263/482/1 256/483/1 257/485/1
f 252/486/1 253/484/1 230/473/1
f 263/482/1 257/485/1 258/487/1
f 251/488/1 252/486/1 230/473/1
f 263/482/1 258/487/1 259/489/1
f 250/490/1 251/488/1 230/473/1
f 262/491/1 263/482/1 259/489/1
f 262/491/1 259/489/1 260/492/1
f 249/493/1 250/490/1 230/473/1
f 261/494/1 262/491/1 260/492/1
f 248/495/1 249/493/1 230/473/1
f 247/496/1 248/495/1 231/497/1
f 231/497/2 248/495/2 230/473/2
f 246/498/1 247/496/1 231/497/1
f 246/498/1 231/497/1 232/499/1
f 246/498/1 232/499/1 233/500/1
f 228/501/1 229/474/1 193/456/1
f 246/498/1 233/500/1 234/502/1
f 245/503/1 246/498/1 234/502/1
f 227/504/1 228/501/1 193/456/1
f 245/503/1 234/502/1 235/505/1
f 244/506/1 245/503/1 235/505/1
f 244/506/1 235/505/1 236/507/1
f 226/508/1 227/504/1 193/456/1
f 243/509/1 244/506/1 236/507/1
f 242/510/1 243/509/1 236/507/1
f 242/510/1 236/507/1 237/511/1
f 241/512/1 242/510/1 237/511/1
f 241/512/1 237/511/1 238/513/1
f 225/514/1 226/508/1 193/456/1
f 240/515/1 241/512/1 238/513/1
f 240/515/1 238/513/1 239/516/1
f 224/517/1 225/514/1 193/456/1
f 223/518/1 224/517/1 193/456/1
f 222/519/1 223/518/1 193/456/1
f 466/458/1 400/455/1 401/520/1
f 465/521/1 466/458/1 433/522/1
f 433/522/1 466/458/1 432/523/1
f 432/523/1 466/458/1 431/524/1
f 431/524/1 466/458/1 401/520/1
f 221/525/1 222/519/1 193/456/1
f 221/525/1 193/456/1 200/526/1
f 200/526/1 193/456/1 194/527/1
f 220/528/1 221/525/1 200/526/1
f 219/529/1 220/528/1 200/526/1
f 218/530/1 219/529/1 200/526/1
f 217/531/1 218/530/1 200/526/1
f 216/532/1 217/531/1 201/533/1
f 201/533/1 217/531/1 200/526/1
f 199/534/1 200/526/1 194/527/1
f 216/532/1 201/533/1 202/535/1
f 216/532/1 202/535/1 203/536/1
f 216/532/1 203/536/1 204/537/1
f 216/532/1 204/537/1 205/538/1
f 216/532/1 205/538/1 206/539/1
f 215/540/1 216/532/1 206/539/1
f 215/540/1 206/539/1 207/541/1
f 215/540/1 207/541/1 208/542/1
f 215/540/1 208/542/1 209/543/1
f 215/540/1 209/543/1 210/544/1
f 214/545/1 215/540/1 210/544/1
f 214/545/1 210/544/1 211/546/1
f 214/545/1 211/546/1 212/547/1
f 213/548/1 214/545/1 212/547/1
f 465/521/1 433/522/1 434/549/1
f 430/550/1 431/524/1 401/520/1
f 465/521/1 434/549/1 435/551/1
f 429/552/1 430/550/1 401/520/1
f 465/521/1 435/551/1 436/553/1
f 428/554/1 429/552/1 404/555/1
f 404/555/1 429/552/1 401/520/1
f 465/521/1 436/553/1 437/556/1
f 198/557/1 199/534/1 194/527/1
f 465/521/1 437/556/1 438/558/1
f 427/559/1 428/554/1 404/555/1
f 465/521/1 438/558/1 439/560/1
f 426/561/1 427/559/1 404/555/1
f 464/562/1 465/521/1 452/563/1
f 452/563/1 465/521/1 439/560/1
f 425/564/1 426/561/1 404/555/1
f 452/563/1 439/560/1 440/565/1
f 464/562/3 452/563/3 453/566/3
f 451/567/1 452/563/1 440/565/1
f 425/564/1 404/555/1 405/568/1
f 403/569/1 404/555/1 401/520/1
f 425/564/1 405/568/1 406/570/1
f 464/562/3 453/566/3 454/571/3
f 424/572/1 425/564/1 406/570/1
f 424/572/1 406/570/1 407/573/1
f 450/574/1 451/567/1 440/565/1
f 424/572/1 407/573/1 408/575/1
f 424/572/1 408/575/1 409/576/1
f 464/562/4 454/571/4 455/577/4
f 450/574/1 440/565/1 441/578/1
f 424/572/1 409/576/1 410/579/1
f 449/580/1 450/574/1 441/578/1
f 423/581/1 424/572/1 410/579/1
f 423/581/1 410/579/1 411/582/1
f 403/569/1 401/520/1 402/583/1
f 464/562/3 455/577/3 456/584/3
f 423/581/1 411/582/1 412/585/1
f 423/581/1 412/585/1 413/586/1
f 448/587/1 449/580/1 441/578/1
f 423/581/1 413/586/1 414/588/1
f 422/589/1 423/581/1 414/588/1
f 464/562/5 456/584/5 457/590/5
f 448/587/1 441/578/1 442/591/1
f 422/589/1 414/588/1 415/592/1
f 447/593/1 448/587/1 442/591/1
f 421/594/1 422/589/1 415/592/1
f 421/594/1 415/592/1 416/595/1
f 464/562/3 457/590/3 458/596/3
f 447/593/1 442/591/1 443/597/1
f 446/598/1 447/593/1 443/597/1
f 421/594/1 416/595/1 417/599/1
f 420/600/1 421/594/1 417/599/1
f 464/562/3 458/596/3 459/601/3
f 420/600/1 417/599/1 418/602/1
f 445/603/1 446/598/1 443/597/1
f 419/604/1 420/600/1 418/602/1
f 445/603/1 443/597/1 444/605/1
f 464/562/6 459/601/6 460/606/6
f 197/607/1 198/557/1 194/527/1
f 464/562/5 460/606/5 461/608/5
f 464/609/7 461/609/7 462/609/7
f 464/609/1 462/609/1 463/609/1
f 197/607/1 194/527/1 195/610/1
f 196/611/1 197/607/1 195/610/1
f 619/612/2 621/613/2 620/614/2
f 618/615/2 621/613/2 619/612/2
f 617/616/2 621/613/2 618/615/2
f 616/617/2 621/613/2 617/616/2
f 615/618/2 621/613/2 616/617/2
f 614/619/2 621/613/2 615/618/2
f 613/620/2 621/613/2 614/619/2
f 1224/621/2 621/613/2 613/620/2
f 1223/622/2 621/613/2 1224/621/2
f 1223/622/2 622/623/2 621/613/2
f 1222/624/2 622/623/2 1223/622/2
f 1222/624/2 623/625/2 622/623/2
f 1222/624/2 624/626/2 623/625/2
f 1221/627/2 624/626/2 1222/624/2
f 1221/627/2 625/628/2 624/626/2
f 1220/629/2 625/628/2 1221/627/2
f 1220/629/2 626/630/2 625/628/2
f 1220/629/2 627/631/2 626/630/2
f 1219/632/2 627/631/2 1220/629/2
f 1219/632/2 628/633/2 627/631/2
f 1219/632/2 629/634/2 628/633/2
f 1218/635/2 629/634/2 1219/632/2
f 1218/635/2 630/636/2 629/634/2
f 1217/637/2 630/636/2 1218/635/2
f 1217/637/2 631/638/2 630/636/2
f 1217/637/2 632/639/2 631/638/2
f 1216/640/2 632/639/2 1217/637/2
f 1216/640/2 633/641/2 632/639/2
f 1216/640/2 634/642/2 633/641/2
f 1215/643/2 634/642/2 1216/640/2
f 1215/643/2 635/644/2 634/642/2
f 1215/643/2 636/645/2 635/644/2
f 1215/643/2 637/646/2 636/645/2
f 1214/647/2 637/646/2 1215/643/2
f 1214/647/2 638/648/2 637/646/2
f 1214/647/2 639/649/2 638/648/2
f 1213/650/2 639/649/2 1214/647/2
f 1213/650/2 640/651/2 639/649/2
f 1213/650/2 641/652/2 640/651/2
f 1213/650/2 642/653/2 641/652/2
f 1212/654/2 642/653/2 1213/650/2
f 1211/655/2 642/653/2 1212/654/2
f 1211/655/2 643/656/2 642/653/2
f 1210/657/2 643/656/2 1211/655/2
f 1209/658/2 643/656/2 1210/657/2
f 1209/658/2 644/659/2 643/656/2
f 1208/660/2 644/659/2 1209/658/2
f 1207/661/2 644/659/2 1208/660/2
f 1207/661/2 645/662/2 644/659/2
f 1206/663/2 645/662/2 1207/661/2
f 1206/663/2 646/664/2 645/662/2
f 1205/665/2 646/664/2 1206/663/2
f 1205/665/2 647/666/2 646/664/2
f 1204/667/2 647/666/2 1205/665/2
f 1204/667/2 648/668/2 647/666/2
f 1203/669/2 648/668/2 1204/667/2
f 1203/669/2 649/670/2 648/668/2
f 1202/671/2 649/670/2 1203/669/2
f 1202/671/2 650/672/2 649/670/2
f 1201/673/2 650/672/2 1202/671/2
f 1201/673/2 651/674/2 650/672/2
f 1200/675/2 651/674/2 1201/673/2
f 1200/675/2 652/676/2 651/674/2
f 1200/675/2 653/677/2 652/676/2
f 1200/675/2 654/678/2 653/677/2
f 1200/675/2 655/679/2 654/678/2
f 1200/675/2 656/680/2 655/679/2
f 1200/675/2 657/681/2 656/680/2
f 1200/675/2 658/682/2 657/681/2
f 1199/683/2 658/682/2 1200/675/2
f 1199/683/2 659/684/2 658/682/2
f 1199/683/2 660/685/2 659/684/2
f 1199/683/2 661/686/2 660/685/2
f 1199/683/2 662/687/2 661/686/2
f 1198/688/2 662/687/2 1199/683/2
f 1198/688/2 663/689/2 662/687/2
f 1198/688/2 664/690/2 663/689/2
f 1198/688/2 665/691/2 664/690/2
f 1198/688/2 666/692/2 665/691/2
f 1198/688/2 667/693/2 666/692/2
f 1197/694/2 667/693/2 1198/688/2
f 1197/694/2 668/695/2 667/693/2
f 1197/694/2 669/696/2 668/695/2
f 1197/694/2 670/697/2 669/696/2
f 1196/698/2 670/697/2 1197/694/2
f 1196/698/2 671/699/2 670/697/2
f 1196/698/2 672/700/2 671/699/2
f 1195/701/2 672/700/2 1196/698/2
f 1195/701/2 673/702/2 672/700/2
f 1195/701/2 674/703/2 673/702/2
f 1194/704/2 674/703/2 1195/701/2
f 1194/704/2 675/705/2 674/703/2
f 1194/704/2 676/706/2 675/705/2
f 1193/707/2 676/706/2 1194/704/2
f 1193/707/2 677/708/2 676/706/2
f 1193/707/2 678/709/2 677/708/2
f 1192/710/2 678/709/2 1193/707/2
f 1192/710/2 679/711/2 678/709/2
f 1192/710/2 680/712/2 679/711/2
f 1191/713/2 680/712/2 1192/710/2
f 1191/713/2 681/714/2 680/712/2
f 1191/713/2 682/715/2 681/714/2
f 1190/716/2 682/715/2 1191/713/2
f 1190/716/2 683/717/2 682/715/2
f 1190/716/2 684/718/2 683/717/2
f 1190/716/2 685/719/2 684/718/2
f 1189/720/2 685/719/2 1190/716/2
f 1189/720/2 686/721/2 685/719/2
f 1189/720/2 687/722/2 686/721/2
f 1189/720/2 688/723/2 687/722/2
f 1188/724/2 688/723/2 1189/720/2
f 1188/724/2 689/725/2 688/723/2
f 1188/724/2 690/726/2 689/725/2
f 1187/727/2 690/726/2 1188/724/2
f 1187/727/2 691/728/2 690/726/2
f 1187/727/2 692/729/2 691/728/2
f 1187/727/2 693/730/2 692/729/2
f 1186/731/2 693/730/2 1187/727/2
f 1186/731/2 694/732/2 693/730/2
f 1185/733/2 694/732/2 1186/731/2
f 1185/733/2 695/734/2 694/732/2
f 1184/735/2 695/734/2 1185/733/2
f 1184/735/2 696/736/2 695/734/2
f 1184/735/2 697/737/2 696/736/2
f 1183/738/2 697/737/2 1184/735/2
f 1183/738/2 698/739/2 697/737/2
f 1182/740/2 698/739/2 1183/738/2
f 1182/740/2 699/741/2 698/739/2
f 1181/742/2 699/741/2 1182/740/2
f 1181/742/2 700/743/2 699/741/2
f 1181/742/2 701/744/2 700/743/2
f 1180/745/2 701/744/2 1181/742/2
f 1180/745/2 702/746/2 701/744/2
f 1179/747/2 702/746/2 1180/745/2
f 1179/747/2 703/748/2 702/746/2
f 1178/749/2 703/748/2 1179/747/2
f 1178/749/2 704/750/2 703/748/2
f 1178/749/2 705/751/2 704/750/2
f 1178/749/2 706/752/2 705/751/2
f 1177/753/2 706/752/2 1178/749/2
f 1177/753/2 707/754/2 706/752/2
f 1177/753/2 708/755/2 707/754/2
f 1177/753/2 709/756/2 708/755/2
f 1177/753/2 710/757/2 709/756/2
f 1177/753/2 711/758/2 710/757/2
f 1177/753/2 712/759/2 711/758/2
f 1177/753/2 713/760/2 712/759/2
f 1177/753/2 714/761/2 713/760/2
f 1176/762/2 714/761/2 1177/753/2
f 1176/762/2 715/763/2 714/761/2
f 1176/762/2 716/764/2 715/763/2
f 1176/762/2 717/765/2 716/764/2
f 1176/762/2 718/766/2 717/765/2
f 1176/762/2 719/767/2 718/766/2
f 1175/768/2 719/767/2 1176/762/2
f 1175/768/2 720/769/2 719/767/2
f 1175/768/2 721/770/2 720/769/2
f 1175/768/2 722/771/2 721/770/2
f 1175/768/2 723/772/2 722/771/2
f 1174/773/2 723/772/2 1175/768/2
f 1174/773/2 724/774/2 723/772/2
f 1174/773/2 725/775/2 724/774/2
f 1174/773/2 726/776/2 725/775/2
f 1174/773/2 727/777/2 726/776/2
f 1173/778/2 727/777/2 1174/773/2
f 1173/778/2 728/779/2 727/777/2
f 1173/778/2 729/780/2 728/779/2
f 1172/781/2 729/780/2 1173/778/2
f 1172/781/2 730/782/2 729/780/2
f 1171/783/2 730/782/2 1172/781/2
f 1171/783/2 731/784/2 730/782/2
f 1170/785/2 731/784/2 1171/783/2
f 1169/786/2 731/784/2 1170/785/2
f 1169/786/2 732/787/2 731/784/2
f 1168/788/2 732/787/2 1169/786/2
f 1168/788/2 733/789/2 732/787/2
f 1167/790/2 733/789/2 1168/788/2
f 1167/790/2 734/791/2 733/789/2
f 1166/792/2 734/791/2 1167/790/2
f 1166/792/2 735/793/2 734/791/2
f 1165/794/2 735/793/2 1166/792/2
f 1165/794/2 736/795/2 735/793/2
f 1164/796/2 736/795/2 1165/794/2
f 1163/797/2 736/795/2 1164/796/2
f 1163/797/2 737/798/2 736/795/2
f 1162/799/2 737/798/2 1163/797/2
f 1161/800/2 737/798/2 1162/799/2
f 1161/800/2 738/801/2 737/798/2
f 1160/802/2 738/801/2 1161/800/2
f 1159/803/2 738/801/2 1160/802/2
f 1159/803/2 739/804/2 738/801/2
f 1158/805/2 739/804/2 1159/803/2
f 1157/806/2 739/804/2 1158/805/2
f 1156/807/2 739/804/2 1157/806/2
f 1156/807/2 740/808/2 739/804/2
f 1155/809/2 740/808/2 1156/807/2
f 1154/810/2 740/808/2 1155/809/2
f 1154/810/2 741/811/2 740/808/2
f 1153/812/2 741/811/2 1154/810/2
f 1153/812/2 742/813/2 741/811/2
f 1152/814/2 742/813/2 1153/812/2
f 1151/815/2 742/813/2 1152/814/2
f 1150/816/2 742/813/2 1151/815/2
f 1149/817/2 742/813/2 1150/816/2
f 1148/818/2 742/813/2 1149/817/2
f 1147/819/2 742/813/2 1148/818/2
f 1146/820/2 742/813/2 1147/819/2
f 1145/821/2 742/813/2 1146/820/2
f 1145/821/2 743/822/2 742/813/2
f 1144/823/2 743/822/2 1145/821/2
f 1143/824/2 743/822/2 1144/823/2
f 1142/825/2 743/822/2 1143/824/2
f 1141/826/2 743/822/2 1142/825/2
f 1140/827/2 743/822/2 1141/826/2
f 1140/827/2 744/828/2 743/822/2
f 1139/829/2 744/828/2 1140/827/2
f 1138/830/2 744/828/2 1139/829/2
f 1138/830/2 745/831/2 744/828/2
f 1137/832/2 745/831/2 1138/830/2
f 1137/832/2 746/833/2 745/831/2
f 1136/834/2 746/833/2 1137/832/2
f 1136/834/2 747/835/2 746/833/2
f 1135/836/2 747/835/2 1136/834/2
f 1134/837/2 747/835/2 1135/836/2
f 1134/837/2 965/838/2 747/835/2
f 965/838/2 964/839/2 747/835/2
f 964/839/2 748/840/2 747/835/2
f 1134/837/2 966/841/2 965/838/2
f 963/842/2 748/840/2 964/839/2
f 1134/837/2 967/843/2 966/841/2
f 962/844/2 748/840/2 963/842/2
f 1134/837/2 968/845/2 967/843/2
f 961/846/2 748/840/2 962/844/2
f 1134/837/2 969/847/2 968/845/2
f 960/848/2 748/840/2 961/846/2
f 1134/837/2 970/849/2 969/847/2
f 1133/850/2 970/849/2 1134/837/2
f 959/851/2 748/840/2 960/848/2
f 1133/850/2 971/852/2 970/849/2
f 1133/850/2 972/853/2 971/852/2
f 958/854/2 748/840/2 959/851/2
f 1133/850/2 973/855/2 972/853/2
f 1133/850/2 974/856/2 973/855/2
f 1133/850/2 975/857/2 974/856/2
f 957/858/2 748/840/2 958/854/2
f 957/858/2 749/859/2 748/840/2
f 1133/850/2 976/860/2 975/857/2
f 1133/850/2 977/861/2 976/860/2
f 956/862/2 749/859/2 957/858/2
f 1133/850/2 978/863/2 977/861/2
f 1132/864/2 978/863/2 1133/850/2
f 955/865/2 749/859/2 956/862/2
f 1132/864/2 979/866/2 978/863/2
f 1132/864/2 980/867/2 979/866/2
f 1132/864/2 981/868/2 980/867/2
f 955/865/2 750/869/2 749/859/2
f 1131/870/2 981/868/2 1132/864/2
f 954/871/2 750/869/2 955/865/2
f 1130/872/2 981/868/2 1131/870/2
f 1130/872/2 982/873/2 981/868/2
f 954/871/2 751/874/2 750/869/2
f 953/875/2 751/874/2 954/871/2
f 1129/876/2 982/873/2 1130/872/2
f 1129/876/2 983/877/2 982/873/2
f 953/875/2 752/878/2 751/874/2
f 952/879/2 752/878/2 953/875/2
f 1128/880/2 983/877/2 1129/876/2
f 1127/881/2 983/877/2 1128/880/2
f 951/882/2 752/878/2 952/879/2
f 1127/881/2 984/883/2 983/877/2
f 951/882/2 753/884/2 752/878/2
f 951/882/2 754/885/2 753/884/2
f 951/882/2 755/886/2 754/885/2
f 1126/887/2 984/883/2 1127/881/2
f 951/882/2 756/888/2 755/886/2
f 951/882/2 757/889/2 756/888/2
f 950/890/2 757/889/2 951/882/2
f 950/890/2 758/891/2 757/889/2
f 950/890/2 759/892/2 758/891/2
f 950/890/2 760/893/2 759/892/2
f 1125/894/2 984/883/2 1126/887/2
f 950/890/2 761/895/2 760/893/2
f 1125/894/2 985/896/2 984/883/2
f 950/890/2 762/897/2 761/895/2
f 949/898/2 762/897/2 950/890/2
f 949/898/2 763/899/2 762/897/2
f 949/898/2 764/900/2 763/899/2
f 1124/901/2 985/896/2 1125/894/2
f 949/898/2 765/902/2 764/900/2
f 948/903/2 765/902/2 949/898/2
f 1123/904/2 985/896/2 1124/901/2
f 1123/904/2 986/905/2 985/896/2
f 948/903/2 766/906/2 765/902/2
f 947/907/2 766/906/2 948/903/2
f 1122/908/2 986/905/2 1123/904/2
f 947/907/2 767/909/2 766/906/2
f 1121/910/2 986/905/2 1122/908/2
f 1121/910/2 987/911/2 986/905/2
f 946/912/2 767/909/2 947/907/2
f 1120/913/2 987/911/2 1121/910/2
f 946/912/2 768/914/2 767/909/2
f 945/915/2 768/914/2 946/912/2
f 1119/916/2 987/911/2 1120/913/2
f 1119/916/2 988/917/2 987/911/2
f 945/915/2 769/918/2 768/914/2
f 1118/919/2 988/917/2 1119/916/2
f 944/920/2 769/918/2 945/915/2
f 944/920/2 770/921/2 769/918/2
f 1117/922/2 988/917/2 1118/919/2
f 1117/922/2 989/923/2 988/917/2
f 1116/924/2 989/923/2 1117/922/2
f 944/920/2 771/925/2 770/921/2
f 1115/926/2 989/923/2 1116/924/2
f 1114/927/2 989/923/2 1115/926/2
f 943/928/2 771/925/2 944/920/2
f 1114/927/2 990/929/2 989/923/2
f 1113/930/2 990/929/2 1114/927/2
f 942/931/2 771/925/2 943/928/2
f 942/931/2 772/932/2 771/925/2
f 1112/933/2 990/929/2 1113/930/2
f 1111/934/2 990/929/2 1112/933/2
f 941/935/2 772/932/2 942/931/2
f 940/936/2 772/932/2 941/935/2
f 940/936/2 773/937/2 772/932/2
f 1111/934/2 991/938/2 990/929/2
f 1110/939/2 991/938/2 1111/934/2
f 939/940/2 773/937/2 940/936/2
f 938/941/2 773/937/2 939/940/2
f 938/941/2 774/942/2 773/937/2
f 1109/943/2 991/938/2 1110/939/2
f 937/944/2 774/942/2 938/941/2
f 1109/943/2 992/945/2 991/938/2
f 936/946/2 774/942/2 937/944/2
f 1108/947/2 992/945/2 1109/943/2
f 936/946/2 775/948/2 774/942/2
f 935/949/2 775/948/2 936/946/2
f 934/950/2 775/948/2 935/949/2
f 1107/951/2 992/945/2 1108/947/2
f 933/952/2 775/948/2 934/950/2
f 933/952/2 776/953/2 775/948/2
f 1107/951/2 993/954/2 992/945/2
f 932/955/2 776/953/2 933/952/2
f 1106/956/2 993/954/2 1107/951/2
f 931/957/2 776/953/2 932/955/2
f 931/957/2 777/958/2 776/953/2
f 930/959/2 777/958/2 931/957/2
f 929/960/2 777/958/2 930/959/2
f 928/961/2 777/958/2 929/960/2
f 1105/962/2 993/954/2 1106/956/2
f 928/961/2 778/963/2 777/958/2
f 927/964/2 778/963/2 928/961/2
f 926/965/2 778/963/2 927/964/2
f 925/966/2 778/963/2 926/965/2
f 924/967/2 778/963/2 925/966/2
f 924/967/2 779/968/2 778/963/2
f 1104/969/2 993/954/2 1105/962/2
f 923/970/2 779/968/2 924/967/2
f 1104/969/2 994/971/2 993/954/2
f 922/972/2 779/968/2 923/970/2
f 921/973/2 779/968/2 922/972/2
f 921/973/2 780/974/2 779/968/2
f 920/975/2 780/974/2 921/973/2
f 919/976/2 780/974/2 920/975/2
f 1103/977/2 994/971/2 1104/969/2
f 919/976/2 781/978/2 780/974/2
f 918/979/2 781/978/2 919/976/2
f 1102/980/2 994/971/2 1103/977/2
f 918/979/2 782/981/2 781/978/2
f 1102/980/2 995/982/2 994/971/2
f 917/983/2 782/981/2 918/979/2
f 917/983/2 783/984/2 782/981/2
f 1101/985/2 995/982/2 1102/980/2
f 917/983/2 784/986/2 783/984/2
f 916/987/2 784/986/2 917/983/2
f 1100/988/2 995/982/2 1101/985/2
f 1100/988/2 996/989/2 995/982/2
f 916/987/2 785/990/2 784/986/2
f 915/991/2 785/990/2 916/987/2
f 1099/992/2 996/989/2 1100/988/2
f 915/991/2 786/993/2 785/990/2
f 914/994/2 786/993/2 915/991/2
f 1099/992/2 997/995/2 996/989/2
f 1098/996/2 997/995/2 1099/992/2
f 914/994/2 787/997/2 786/993/2
f 913/998/2 787/997/2 914/994/2
f 1097/999/2 997/995/2 1098/996/2
f 1097/999/2 998/1000/2 997/995/2
f 913/998/2 788/1001/2 787/997/2
f 1096/1002/2 998/1000/2 1097/999/2
f 912/1003/2 788/1001/2 913/998/2
f 912/1003/2 789/1004/2 788/1001/2
f 1096/1002/2 999/1005/2 998/1000/2
f 1095/1006/2 999/1005/2 1096/1002/2
f 911/1007/2 789/1004/2 912/1003/2
f 911/1007/2 790/1008/2 789/1004/2
f 1094/1009/2 999/1005/2 1095/1006/2
f 1094/1009/2 1000/1010/2 999/1005/2
f 910/1011/2 790/1008/2 911/1007/2
f 1093/1012/2 1000/1010/2 1094/1009/2
f 910/1011/2 791/1013/2 790/1008/2
f 1093/1012/2 1001/1014/2 1000/1010/2
f 909/1015/2 791/1013/2 910/1011/2
f 1092/1016/2 1001/1014/2 1093/1012/2
f 909/1015/2 792/1017/2 791/1013/2
f 1092/1016/2 1002/1018/2 1001/1014/2
f 1091/1019/2 1002/1018/2 1092/1016/2
f 908/1020/2 792/1017/2 909/1015/2
f 908/1020/2 793/1021/2 792/1017/2
f 1090/1022/2 1002/1018/2 1091/1019/2
f 1090/1022/2 1003/1023/2 1002/1018/2
f 908/1020/2 794/1024/2 793/1021/2
f 907/1025/2 794/1024/2 908/1020/2
f 1089/1026/2 1003/1023/2 1090/1022/2
f 1089/1026/2 1004/1027/2 1003/1023/2
f 907/1025/2 795/1028/2 794/1024/2
f 906/1029/2 795/1028/2 907/1025/2
f 1088/1030/2 1004/1027/2 1089/1026/2
f 906/1029/2 796/1031/2 795/1028/2
f 905/1032/2 796/1031/2 906/1029/2
f 1087/1033/2 1004/1027/2 1088/1030/2
f 1087/1033/2 1005/1034/2 1004/1027/2
f 905/1032/2 797/1035/2 796/1031/2
f 904/1036/2 797/1035/2 905/1032/2
f 1086/1037/2 1005/1034/2 1087/1033/2
f 1086/1037/2 1006/1038/2 1005/1034/2
f 904/1036/2 798/1039/2 797/1035/2
f 903/1040/2 798/1039/2 904/1036/2
f 1085/1041/2 1006/1038/2 1086/1037/2
f 903/1040/2 799/1042/2 798/1039/2
f 902/1043/2 799/1042/2 903/1040/2
f 1085/1041/2 1007/1044/2 1006/1038/2
f 1084/1045/2 1007/1044/2 1085/1041/2
f 901/1046/2 799/1042/2 902/1043/2
f 901/1046/2 800/1047/2 799/1042/2
f 1084/1045/2 1008/1048/2 1007/1044/2
f 900/1049/2 800/1047/2 901/1046/2
f 1083/1050/2 1008/1048/2 1084/1045/2
f 900/1049/2 801/1051/2 800/1047/2
f 899/1052/2 801/1051/2 900/1049/2
f 1083/1050/2 1009/1053/2 1008/1048/2
f 1082/1054/2 1009/1053/2 1083/1050/2
f 899/1052/2 802/1055/2 801/1051/2
f 898/1056/2 802/1055/2 899/1052/2
f 1081/1057/2 1009/1053/2 1082/1054/2
f 1081/1057/2 1010/1058/2 1009/1053/2
f 898/1056/2 803/1059/2 802/1055/2
f 897/1060/2 803/1059/2 898/1056/2
f 1080/1061/2 1010/1058/2 1081/1057/2
f 1080/1061/2 1011/1062/2 1010/1058/2
f 897/1060/2 804/1063/2 803/1059/2
f 896/1064/2 804/1063/2 897/1060/2
f 1079/1065/2 1011/1062/2 1080/1061/2
f 1079/1065/2 1012/1066/2 1011/1062/2
f 896/1064/2 805/1067/2 804/1063/2
f 895/1068/2 805/1067/2 896/1064/2
f 1078/1069/2 1012/1066/2 1079/1065/2
f 894/1070/2 805/1067/2 895/1068/2
f 893/1071/2 805/1067/2 894/1070/2
f 892/1072/2 805/1067/2 893/1071/2
f 891/1073/2 805/1067/2 892/1072/2
f 890/1074/2 805/1067/2 891/1073/2
f 889/1075/2 805/1067/2 890/1074/2
f 888/1076/2 805/1067/2 889/1075/2
f 887/1077/2 805/1067/2 888/1076/2
f 886/1078/2 805/1067/2 887/1077/2
f 885/1079/2 805/1067/2 886/1078/2
f 884/1080/2 805/1067/2 885/1079/2
f 883/1081/2 805/1067/2 884/1080/2
f 882/1082/2 805/1067/2 883/1081/2
f 881/1083/2 842/1084/2 882/1082/2
f 842/1084/2 841/1085/2 882/1082/2
f 841/1085/2 805/1067/2 882/1082/2
f 880/1086/2 842/1084/2 881/1083/2
f 879/1087/2 842/1084/2 880/1086/2
f 878/1088/2 842/1084/2 879/1087/2
f 877/1089/2 842/1084/2 878/1088/2
f 876/1090/2 867/1091/2 877/1089/2
f 867/1091/2 866/1092/2 877/1089/2
f 866/1092/2 842/1084/2 877/1089/2
f 875/1093/2 867/1091/2 876/1090/2
f 875/1093/2 868/1094/2 867/1091/2
f 865/1095/2 842/1084/2 866/1092/2
f 875/1093/2 869/1096/2 868/1094/2
f 864/1097/2 842/1084/2 865/1095/2
f 875/1093/2 870/1098/2 869/1096/2
f 863/1099/2 842/1084/2 864/1097/2
f 875/1093/2 871/1100/2 870/1098/2
f 862/1101/2 842/1084/2 863/1099/2
f 874/1102/2 871/1100/2 875/1093/2
f 874/1102/2 872/1103/2 871/1100/2
f 861/1104/2 842/1084/2 862/1101/2
f 873/1105/2 872/1103/2 874/1102/2
f 860/1106/2 842/1084/2 861/1104/2
f 859/1107/2 843/1108/2 860/1109/2
f 843/609/2 842/609/2 860/609/2
f 858/1110/2 843/1108/2 859/1107/2
f 858/1110/2 844/1111/2 843/1108/2
f 858/1110/2 845/1112/2 844/1111/2
f 840/1113/2 805/1067/2 841/1085/2
f 858/1110/2 846/1114/2 845/1112/2
f 857/1115/2 846/1114/2 858/1110/2
f 839/1116/2 805/1067/2 840/1113/2
f 857/1115/2 847/1117/2 846/1114/2
f 856/1118/2 847/1117/2 857/1115/2
f 856/1118/2 848/1119/2 847/1117/2
f 838/1120/2 805/1067/2 839/1116/2
f 855/1121/2 848/1119/2 856/1118/2
f 854/1122/2 848/1119/2 855/1121/2
f 854/1122/2 849/1123/2 848/1119/2
f 853/1124/2 849/1123/2 854/1122/2
f 853/1124/2 850/1125/2 849/1123/2
f 837/1126/2 805/1067/2 838/1120/2
f 852/1127/2 850/1125/2 853/1124/2
f 852/1127/2 851/1128/2 850/1125/2
f 836/1129/2 805/1067/2 837/1126/2
f 835/1130/2 805/1067/2 836/1129/2
f 834/1131/2 805/1067/2 835/1130/2
f 1078/1069/2 1013/1132/2 1012/1066/2
f 1077/1133/2 1045/1134/2 1078/1069/2
f 1045/1134/2 1044/1135/2 1078/1069/2
f 1044/1135/2 1043/1136/2 1078/1069/2
f 1043/1136/2 1013/1132/2 1078/1069/2
f 833/1137/2 805/1067/2 834/1131/2
f 833/1137/2 812/1138/2 805/1067/2
f 812/1138/2 806/1139/2 805/1067/2
f 832/1140/2 812/1138/2 833/1137/2
f 831/1141/2 812/1138/2 832/1140/2
f 830/1142/2 812/1138/2 831/1141/2
f 829/1143/2 812/1138/2 830/1142/2
f 828/1144/2 813/1145/2 829/1143/2
f 813/1145/2 812/1138/2 829/1143/2
f 811/1146/2 806/1139/2 812/1138/2
f 828/1144/2 814/1147/2 813/1145/2
f 828/1144/2 815/1148/2 814/1147/2
f 828/1144/2 816/1149/2 815/1148/2
f 828/1144/2 817/1150/2 816/1149/2
f 828/1144/2 818/1151/2 817/1150/2
f 827/1152/2 818/1151/2 828/1144/2
f 827/1152/2 819/1153/2 818/1151/2
f 827/1152/2 820/1154/2 819/1153/2
f 827/1152/2 821/1155/2 820/1154/2
f 827/1152/2 822/1156/2 821/1155/2
f 826/1157/2 822/1156/2 827/1152/2
f 826/1157/2 823/1158/2 822/1156/2
f 826/1157/2 824/1159/2 823/1158/2
f 825/1160/2 824/1159/2 826/1157/2
f 1077/1133/2 1046/1161/2 1045/1134/2
f 1042/1162/2 1013/1132/2 1043/1136/2
f 1077/1133/2 1047/1163/2 1046/1161/2
f 1041/1164/2 1013/1132/2 1042/1162/2
f 1077/1133/2 1048/1165/2 1047/1163/2
f 1040/1166/2 1016/1167/2 1041/1164/2
f 1016/1167/2 1013/1132/2 1041/1164/2
f 1077/1133/2 1049/1168/2 1048/1165/2
f 810/1169/2 806/1139/2 811/1146/2
f 1077/1133/2 1050/1170/2 1049/1168/2
f 1039/1171/2 1016/1167/2 1040/1166/2
f 1077/1133/2 1051/1172/2 1050/1170/2
f 1038/1173/2 1016/1167/2 1039/1171/2
f 1076/1174/2 1064/1175/2 1077/1133/2
f 1064/1175/2 1051/1172/2 1077/1133/2
f 1037/1176/2 1016/1167/2 1038/1173/2
f 1064/1175/2 1052/1177/2 1051/1172/2
f 1076/1174/8 1065/1178/8 1064/1175/8
f 1063/1179/2 1052/1177/2 1064/1175/2
f 1037/1176/2 1017/1180/2 1016/1167/2
f 1015/1181/2 1013/1132/2 1016/1167/2
f 1037/1176/2 1018/1182/2 1017/1180/2
f 1076/1174/8 1066/1183/8 1065/1178/8
f 1036/1184/2 1018/1182/2 1037/1176/2
f 1036/1184/2 1019/1185/2 1018/1182/2
f 1062/1186/2 1052/1177/2 1063/1179/2
f 1036/1184/2 1020/1187/2 1019/1185/2
f 1036/1184/2 1021/1188/2 1020/1187/2
f 1076/1174/9 1067/1189/9 1066/1183/9
f 1062/1186/2 1053/1190/2 1052/1177/2
f 1036/1184/2 1022/1191/2 1021/1188/2
f 1061/1192/2 1053/1190/2 1062/1186/2
f 1035/1193/2 1022/1191/2 1036/1184/2
f 1035/1193/2 1023/1194/2 1022/1191/2
f 1015/1181/2 1014/1195/2 1013/1132/2
f 1076/1174/9 1068/1196/9 1067/1189/9
f 1035/1193/2 1024/1197/2 1023/1194/2
f 1035/1193/2 1025/1198/2 1024/1197/2
f 1060/1199/2 1053/1190/2 1061/1192/2
f 1035/1193/2 1026/1200/2 1025/1198/2
f 1034/1201/2 1026/1200/2 1035/1193/2
f 1076/1174/2 1069/1202/2 1068/1196/2
f 1060/1199/2 1054/1203/2 1053/1190/2
f 1034/1201/2 1027/1204/2 1026/1200/2
f 1059/1205/2 1054/1203/2 1060/1199/2
f 1033/1206/2 1027/1204/2 1034/1201/2
f 1033/1206/2 1028/1207/2 1027/1204/2
f 1076/1174/2 1070/1208/2 1069/1202/2
f 1059/1205/2 1055/1209/2 1054/1203/2
f 1058/1210/2 1055/1209/2 1059/1205/2
f 1033/1206/2 1029/1211/2 1028/1207/2
f 1032/1212/2 1029/1211/2 1033/1206/2
f 1076/1174/2 1071/1213/2 1070/1208/2
f 1032/1212/2 1030/1214/2 1029/1211/2
f 1057/1215/2 1055/1209/2 1058/1210/2
f 1031/1216/2 1030/1214/2 1032/1212/2
f 1057/1215/2 1056/1217/2 1055/1209/2
f 1076/1174/2 1072/1218/2 1071/1213/2
f 809/1219/2 806/1139/2 810/1169/2
f 1076/1174/2 1073/1220/2 1072/1218/2
f 1076/1221/2 1074/1221/2 1073/1221/2
f 1076/1221/2 1075/1221/2 1074/1221/2
f 809/1219/2 807/1222/2 806/1139/2
f 808/1223/2 807/1222/2 809/1219/2
f 148/1224/10 147/1225/10 759/1226/10 760/1227/10
f 416/1228/11 415/1229/11 1027/1230/11 1028/1231/11
f 50/1232/12 49/1233/12 661/1234/12 662/1235/12
f 260/1236/13 259/1237/13 871/1238/13 872/1239/13
f 386/1240/14 385/1241/14 997/1242/14 998/1243/14
f 514/1244/15 513/1245/15 1125/1246/15 1126/1247/15
f 587/1248/16 586/1249/16 1198/1250/16 1199/1251/16
f 250/1252/17 249/1253/17 861/1254/17 862/1255/17
f 122/1256/18 121/1257/18 733/1258/18 734/1259/18
f 458/1260/19 457/1261/19 1069/1262/19 1070/1263/19
f 176/1264/20 175/1265/20 787/1266/20 788/1267/20
f 555/1268/21 554/1269/21 1166/1270/21 1167/1271/21
f 262/1272/22 261/1273/22 873/1274/22 874/1275/22
f 485/1276/23 484/1277/23 1096/1278/23 1097/1279/23
f 149/1280/24 148/1224/24 760/1227/24 761/1281/24
f 443/1282/25 442/1283/25 1054/1284/25 1055/1285/25
f 51/1286/26 50/1232/26 662/1235/26 663/1287/26
f 261/1273/27 260/1236/27 872/1239/27 873/1274/27
f 447/1288/28 446/1289/28 1058/1290/28 1059/1291/28
f 249/1253/29 248/1292/29 860/1293/29 861/1254/29
f 301/1294/30 300/1295/30 912/1296/30 913/1297/30
f 373/1298/31 372/1299/31 984/1300/31 985/1301/31
f 123/1302/32 122/1256/32 734/1259/32 735/1303/32
f 52/1304/33 51/1286/33 663/1287/33 664/1305/33
f 554/1269/34 553/1306/34 1165/1307/34 1166/1270/34
f 248/1292/35 247/1308/35 859/1309/35 860/1293/35
f 150/1310/24 149/1280/24 761/1281/24 762/1311/24
f 417/1312/36 416/1228/36 1028/1231/36 1029/1313/36
f 53/1314/37 52/1304/37 664/1305/37 665/1315/37
f 177/1316/38 176/1264/38 788/1267/38 789/1317/38
f 338/1318/39 337/1319/39 949/1320/39 950/1321/39
f 421/1322/28 420/1323/28 1032/1324/28 1033/1325/28
f 124/1326/40 123/1302/40 735/1303/40 736/1327/40
f 54/1328/41 53/1314/41 665/1315/41 666/1329/41
f 231/1330/42 230/1331/42 842/1332/42 843/1333/42
f 387/1334/43 386/1240/43 998/1243/43 999/1335/43
f 553/1306/44 552/1336/44 1164/1337/44 1165/1307/44
f 247/1308/45 246/1338/45 858/1339/45 859/1309/45
f 484/1277/46 483/1340/46 1095/1341/46 1096/1278/46
f 151/1342/47 150/1310/47 762/1311/47 763/1343/47
f 459/1344/19 458/1260/19 1070/1263/19 1071/1345/19
f 55/1346/48 54/1328/48 666/1329/48 667/1347/48
f 552/1336/49 551/1348/49 1163/1349/49 1164/1337/49
f 586/1249/50 585/1350/50 1197/1351/50 1198/1250/50
f 300/1295/51 299/1352/51 911/1353/51 912/1296/51
f 152/1354/52 151/1342/52 763/1343/52 764/1355/52
f 418/1356/53 417/1312/53 1029/1313/53 1030/1357/53
f 232/1358/54 231/1330/54 843/1333/54 844/1359/54
f 513/1245/55 512/1360/55 1124/1361/55 1125/1246/55
f 446/1289/22 445/1362/22 1057/1363/22 1058/1290/22
f 125/1364/56 124/1326/56 736/1327/56 737/1365/56
f 56/1366/57 55/1346/57 667/1347/57 668/1367/57
f 233/1368/58 232/1358/58 844/1359/58 845/1369/58
f 178/1370/59 177/1316/59 789/1317/59 790/1371/59
f 551/1348/60 550/1372/60 1162/1373/60 1163/1349/60
f 420/1323/61 419/1374/61 1031/1375/61 1032/1324/61
f 229/1376/62 228/1377/62 840/1378/62 841/1379/62
f 483/1340/63 482/1380/63 1094/1381/63 1095/1341/63
f 153/1382/64 152/1354/64 764/1355/64 765/1383/64
f 419/1374/65 418/1356/65 1030/1357/65 1031/1375/65
f 57/1384/33 56/1366/33 668/1367/33 669/1385/33
f 337/1319/66 336/1386/66 948/1387/66 949/1320/66
f 550/1372/67 549/1388/67 1161/1389/67 1162/1373/67
f 445/1362/68 444/1390/68 1056/1391/68 1057/1363/68
f 444/1390/53 443/1282/53 1055/1285/53 1056/1391/53
f 58/1392/69 57/1384/69 669/1385/69 670/1393/69
f 234/1394/70 233/1368/70 845/1369/70 846/1395/70
f 388/1396/71 387/1334/71 999/1335/71 1000/1397/71
f 512/1360/72 511/1398/72 1123/1399/72 1124/1361/72
f 585/1350/73 584/1400/73 1196/1401/73 1197/1351/73
f 246/1338/74 245/1402/74 857/1403/74 858/1339/74
f 299/1352/75 298/1404/75 910/1405/75 911/1353/75
f 126/1406/76 125/1364/76 737/1365/76 738/1407/76
f 460/1408/19 459/1344/19 1071/1345/19 1072/1409/19
f 549/1388/77 548/1410/77 1160/1411/77 1161/1389/77
f 198/1412/78 197/1413/78 809/1414/78 810/1415/78
f 228/1377/79 227/1416/79 839/1417/79 840/1378/79
f 482/1380/80 481/1418/80 1093/1419/80 1094/1381/80
f 374/1420/81 373/1298/81 985/1301/81 986/1421/81
f 59/1422/82 58/1392/82 670/1393/82 671/1423/82
f 548/1410/83 547/1424/83 1159/1425/83 1160/1411/83
f 154/1426/84 153/1382/84 765/1383/84 766/1427/84
f 461/1428/19 460/1408/19 1072/1409/19 1073/1429/19
f 60/1430/85 59/1422/85 671/1423/85 672/1431/85
f 235/1432/13 234/1394/13 846/1395/13 847/1433/13
f 179/1434/86 178/1370/86 790/1371/86 791/1435/86
f 336/1386/87 335/1436/87 947/1437/87 948/1387/87
f 584/1400/88 583/1438/88 1195/1439/88 1196/1401/88
f 245/1402/89 244/1440/89 856/1441/89 857/1403/89
f 127/1442/90 126/1406/90 738/1407/90 739/1443/90
f 462/1444/19 461/1428/19 1073/1429/19 1074/1445/19
f 389/1446/91 388/1396/91 1000/1397/91 1001/1447/91
f 511/1398/92 510/1448/92 1122/1449/92 1123/1399/92
f 547/1424/93 546/1450/93 1158/1451/93 1159/1425/93
f 464/1452/94 463/1453/94 1075/1454/94 1076/1455/94
f 298/1404/95 297/1456/95 909/1457/95 910/1405/95
f 463/1453/94 462/1444/94 1074/1445/94 1075/1454/94
f 61/1458/96 60/1430/96 672/1431/96 673/1459/96
f 236/1460/97 235/1432/97 847/1433/97 848/1461/97
f 546/1450/50 545/1462/50 1157/1463/50 1158/1451/50
f 227/1416/98 226/1464/98 838/1465/98 839/1417/98
f 481/1418/99 480/1466/99 1092/1467/99 1093/1419/99
f 155/1468/100 154/1426/100 766/1427/100 767/1469/100
f 195/1470/101 194/1471/101 806/1472/101 807/1473/101
f 62/1474/102 61/1458/102 673/1459/102 674/1475/102
f 510/1448/103 509/1476/103 1121/1477/103 1122/1449/103
f 545/1462/104 544/1478/104 1156/1479/104 1157/1463/104
f 197/1413/105 196/1480/105 808/1481/105 809/1414/105
f 583/1438/106 582/1482/106 1194/1483/106 1195/1439/106
f 244/1440/107 243/1484/107 855/1485/107 856/1441/107
f 196/1480/108 195/1470/108 807/1473/108 808/1481/108
f 180/1486/109 179/1487/109 791/1488/109 792/1489/109
f 6/1490/110 5/1491/110 617/1492/110 618/1493/110
f 243/1484/111 242/1494/111 854/1495/111 855/1485/111
f 375/1496/112 374/1420/112 986/1421/112 987/1497/112
f 128/1498/113 127/1442/113 739/1443/113 740/1499/113
f 5/1491/114 4/1500/114 616/1501/114 617/1492/114
f 63/1502/115 62/1474/115 674/1475/115 675/1503/115
f 390/1504/116 389/1505/116 1001/1506/116 1002/1507/116
f 335/1436/117 334/1508/117 946/1509/117 947/1437/117
f 544/1478/118 543/1510/118 1155/1511/118 1156/1479/118
f 4/1500/114 3/1512/114 615/1513/114 616/1501/114
f 480/1466/119 479/1514/119 1091/1515/119 1092/1467/119
f 506/1516/120 505/1517/120 1117/1518/120 1118/1519/120
f 64/1520/113 63/1502/113 675/1503/113 676/1521/113
f 237/1522/121 236/1460/121 848/1461/121 849/1523/121
f 509/1476/122 508/1524/122 1120/1525/122 1121/1477/122
f 543/1510/123 542/1526/123 1154/1527/123 1155/1511/123
f 582/1482/124 581/1528/124 1193/1529/124 1194/1483/124
f 242/1494/125 241/1530/125 853/1531/125 854/1495/125
f 297/1532/126 296/1533/126 908/1534/126 909/1535/126
f 505/1517/127 504/1536/127 1116/1537/127 1117/1518/127
f 504/1536/128 503/1538/128 1115/1539/128 1116/1537/128
f 156/1540/129 155/1468/129 767/1469/129 768/1541/129
f 129/1542/130 128/1498/130 740/1499/130 741/1543/130
f 503/1538/131 502/1544/131 1114/1545/131 1115/1539/131
f 65/1546/90 64/1520/90 676/1521/90 677/1547/90
f 238/1548/58 237/1522/58 849/1523/58 850/1549/58
f 181/1550/132 180/1486/132 792/1489/132 793/1551/132
f 334/1508/133 333/1552/133 945/1553/133 946/1509/133
f 542/1526/134 541/1554/134 1153/1555/134 1154/1527/134
f 502/1544/135 501/1556/135 1113/1557/135 1114/1545/135
f 226/1464/136 225/1558/136 837/1559/136 838/1465/136
f 479/1560/137 478/1561/137 1090/1562/137 1091/1563/137
f 501/1556/127 500/1564/127 1112/1565/127 1113/1557/127
f 66/1566/138 65/1546/138 677/1547/138 678/1567/138
f 508/1524/139 507/1568/139 1119/1569/139 1120/1525/139
f 581/1528/140 580/1570/140 1192/1571/140 1193/1529/140
f 241/1530/22 240/1572/22 852/1573/22 853/1531/22
f 130/1574/113 129/1542/113 741/1543/113 742/1575/113
f 391/1576/141 390/1504/141 1002/1507/141 1003/1577/141
f 541/1554/142 540/1578/142 1152/1579/142 1153/1555/142
f 240/1572/143 239/1580/143 851/1581/143 852/1573/143
f 376/1582/144 375/1496/144 987/1497/144 988/1583/144
f 67/1584/145 66/1566/145 678/1567/145 679/1585/145
f 239/1580/146 238/1548/146 850/1549/146 851/1581/146
f 182/1586/147 181/1550/147 793/1551/147 794/1587/147
f 540/1578/148 539/1588/148 1151/1589/148 1152/1579/148
f 225/1558/149 224/1590/149 836/1591/149 837/1559/149
f 296/1533/150 295/1592/150 907/1593/150 908/1534/150
f 157/1594/151 156/1540/151 768/1541/151 769/1595/151
f 68/1596/152 67/1584/152 679/1585/152 680/1597/152
f 507/1568/153 506/1516/153 1118/1519/153 1119/1569/153
f 539/1588/148 538/1598/148 1150/1599/148 1151/1589/148
f 580/1570/154 579/1600/154 1191/1601/154 1192/1571/154
f 224/1590/155 223/1602/155 835/1603/155 836/1591/155
f 478/1561/156 477/1604/156 1089/1605/156 1090/1562/156
f 333/1552/157 332/1606/157 944/1607/157 945/1553/157
f 538/1598/148 537/1608/148 1149/1609/148 1150/1599/148
f 223/1602/158 222/1610/158 834/1611/158 835/1603/158
f 69/1612/152 68/1596/152 680/1597/152 681/1613/152
f 392/1614/159 391/1576/159 1003/1577/159 1004/1615/159
f 537/1608/148 536/1616/148 1148/1617/148 1149/1609/148
f 158/1618/160 157/1594/160 769/1595/160 770/1619/160
f 70/1620/138 69/1612/138 681/1613/138 682/1621/138
f 401/1622/161 400/1623/161 1012/1624/161 1013/1625/161
f 183/1626/162 182/1586/162 794/1587/162 795/1627/162
f 377/1628/163 376/1582/163 988/1583/163 989/1629/163
f 536/1616/148 535/1630/148 1147/1631/148 1148/1617/148
f 579/1600/164 578/1632/164 1190/1633/164 1191/1601/164
f 466/1634/165 465/1635/165 1077/1636/165 1078/1637/165
f 295/1592/166 294/1638/166 906/1639/166 907/1593/166
f 535/1630/167 534/1640/167 1146/1641/167 1147/1631/167
f 477/1604/168 476/1642/168 1088/1643/168 1089/1605/168
f 159/1644/169 158/1618/169 770/1619/169 771/1645/169
f 71/1646/170 70/1620/170 682/1621/170 683/1647/170
f 433/1648/171 432/1649/171 1044/1650/171 1045/1651/171
f 534/1640/167 533/1652/167 1145/1653/167 1146/1641/167
f 8/1654/114 7/1655/114 619/1656/114 620/1657/114
f 72/1658/172 71/1646/172 683/1647/172 684/1659/172
f 432/1649/173 431/1660/173 1043/1661/173 1044/1650/173
f 184/1662/174 183/1626/174 795/1627/174 796/1663/174
f 332/1606/175 331/1664/175 943/1665/175 944/1607/175
f 9/1666/176 8/1654/176 620/1657/176 621/1667/176
f 294/1638/177 293/1668/177 905/1669/177 906/1639/177
f 131/1670/178 130/1574/178 742/1575/178 743/1671/178
f 73/1672/179 72/1658/179 684/1659/179 685/1673/179
f 7/1655/180 6/1490/180 618/1493/180 619/1656/180
f 533/1652/167 532/1674/167 1144/1675/167 1145/1653/167
f 578/1632/181 577/1676/181 1189/1677/181 1190/1633/181
f 222/1610/182 221/1678/182 833/1679/182 834/1611/182
f 476/1642/183 475/1680/183 1087/1681/183 1088/1643/183
f 378/1682/184 377/1628/184 989/1629/184 990/1683/184
f 532/1674/142 531/1684/142 1143/1685/142 1144/1675/142
f 74/1686/113 73/1672/113 685/1673/113 686/1687/113
f 393/1688/185 392/1614/185 1004/1615/185 1005/1689/185
f 331/1664/186 330/1690/186 942/1691/186 943/1665/186
f 531/1684/142 530/1692/142 1142/1693/142 1143/1685/142
f 3/1512/187 2/1694/187 614/1695/187 615/1513/187
f 75/1696/130 74/1686/130 686/1687/130 687/1697/130
f 194/1471/188 193/1698/188 805/1699/188 806/1472/188
f 185/1700/189 184/1662/189 796/1663/189 797/1701/189
f 530/1692/190 529/1702/190 1141/1703/190 1142/1693/190
f 221/1678/191 220/1704/191 832/1705/191 833/1679/191
f 2/1694/187 1/1706/187 613/1707/187 614/1695/187
f 293/1668/192 292/1708/192 904/1709/192 905/1669/192
f 160/1710/193 159/1644/193 771/1645/193 772/1711/193
f 76/1712/194 75/1696/194 687/1697/194 688/1713/194
f 529/1702/195 528/1714/195 1140/1715/195 1141/1703/195
f 577/1676/196 576/1716/196 1188/1717/196 1189/1677/196
f 220/1704/197 219/1718/197 831/1719/197 832/1705/197
f 1/1720/198 612/1721/198 1224/1722/198 613/1723/198
f 475/1680/199 474/1724/199 1086/1725/199 1087/1681/199
f 500/1564/200 499/1726/200 1111/1727/200 1112/1565/200
f 219/1718/201 218/1728/201 830/1729/201 831/1719/201
f 612/1721/202 611/1730/202 1223/1731/202 1224/1722/202
f 330/1690/203 329/1732/203 941/1733/203 942/1691/203
f 132/1734/90 131/1670/90 743/1671/90 744/1735/90
f 77/1736/204 76/1712/204 688/1713/204 689/1737/204
f 394/1738/205 393/1688/205 1005/1689/205 1006/1739/205
f 528/1714/190 527/1740/190 1139/1741/190 1140/1715/190
f 218/1728/206 217/1742/206 829/1743/206 830/1729/206
f 329/1732/207 328/1744/207 940/1745/207 941/1733/207
f 78/1746/115 77/1736/115 689/1737/115 690/1747/115
f 10/1748/208 9/1666/208 621/1667/208 622/1749/208
f 186/1750/209 185/1700/209 797/1701/209 798/1751/209
f 527/1740/210 526/1752/210 1138/1753/210 1139/1741/210
f 576/1716/211 575/1754/211 1187/1755/211 1188/1717/211
f 217/1742/212 216/1756/212 828/1757/212 829/1743/212
f 611/1730/213 610/1758/213 1222/1759/213 1223/1731/213
f 292/1708/214 291/1760/214 903/1761/214 904/1709/214
f 161/1762/215 160/1710/215 772/1711/215 773/1763/215
f 474/1724/216 473/1764/216 1085/1765/216 1086/1725/216
f 133/1766/217 132/1734/217 744/1735/217 745/1767/217
f 79/1768/218 78/1746/218 690/1747/218 691/1769/218
f 201/1770/219 200/1771/219 812/1772/219 813/1773/219
f 11/1774/220 10/1748/220 622/1749/220 623/1775/220
f 379/1776/221 378/1682/221 990/1683/221 991/1777/221
f 526/1752/16 525/1778/16 1137/1779/16 1138/1753/16
f 200/1771/222 199/1780/222 811/1781/222 812/1772/222
f 499/1726/223 498/1782/223 1110/1783/223 1111/1727/223
f 80/1784/224 79/1768/224 691/1769/224 692/1785/224
f 12/1786/225 11/1774/225 623/1775/225 624/1787/225
f 187/1788/226 186/1750/226 798/1751/226 799/1789/226
f 610/1758/227 609/1790/227 1221/1791/227 1222/1759/227
f 291/1760/228 290/1792/228 902/1793/228 903/1761/228
f 328/1744/229 327/1794/229 939/1795/229 940/1745/229
f 134/1796/76 133/1766/76 745/1767/76 746/1797/76
f 81/1798/230 80/1784/230 692/1785/230 693/1799/230
f 202/1800/171 201/1770/171 813/1773/171 814/1801/171
f 525/1778/231 524/1802/231 1136/1803/231 1137/1779/231
f 575/1754/232 574/1804/232 1186/1805/232 1187/1755/232
f 327/1794/233 326/1806/233 938/1807/233 939/1795/233
f 203/1808/234 202/1800/234 814/1801/234 815/1809/234
f 13/1810/235 12/1786/235 624/1787/235 625/1811/235
f 395/1812/236 394/1738/236 1006/1739/236 1007/1813/236
f 609/1790/237 608/1814/237 1220/1815/237 1221/1791/237
f 473/1764/238 472/1816/238 1084/1817/238 1085/1765/238
f 135/1818/239 134/1796/239 746/1797/239 747/1819/239
f 82/1820/240 81/1798/240 693/1799/240 694/1821/240
f 204/1822/146 203/1808/146 815/1809/146 816/1823/146
f 162/1824/241 161/1762/241 773/1763/241 774/1825/241
f 524/1802/242 523/1826/242 1135/1827/242 1136/1803/242
f 574/1804/243 573/1828/243 1185/1829/243 1186/1805/243
f 290/1792/244 289/1830/244 901/1831/244 902/1793/244
f 498/1782/245 497/1832/245 1109/1833/245 1110/1783/245
f 205/1834/246 204/1822/246 816/1823/246 817/1835/246
f 14/1836/247 13/1810/247 625/1811/247 626/1837/247
f 523/1826/248 522/1838/248 1134/1839/248 1135/1827/248
f 326/1806/249 325/1840/249 937/1841/249 938/1807/249
f 83/1842/250 82/1820/250 694/1821/250 695/1843/250
f 206/1844/53 205/1834/53 817/1835/53 818/1845/53
f 15/1846/251 14/1836/251 626/1837/251 627/1847/251
f 188/1848/252 187/1788/252 799/1789/252 800/1849/252
f 573/1828/253 572/1850/253 1184/1851/253 1185/1829/253
f 216/1756/254 215/1852/254 827/1853/254 828/1757/254
f 608/1814/255 607/1854/255 1219/1855/255 1220/1815/255
f 396/1856/256 395/1812/256 1007/1813/256 1008/1857/256
f 380/1858/257 379/1776/257 991/1777/257 992/1859/257
f 353/1860/258 352/1861/258 964/1862/258 965/1863/258
f 289/1830/259 288/1864/259 900/1865/259 901/1831/259
f 325/1840/260 324/1866/260 936/1867/260 937/1841/260
f 84/1868/152 83/1842/152 695/1843/152 696/1869/152
f 207/1870/261 206/1844/261 818/1845/261 819/1871/261
f 16/1872/262 15/1846/262 627/1847/262 628/1873/262
f 472/1816/263 471/1874/263 1083/1875/263 1084/1817/263
f 497/1832/243 496/1876/243 1108/1877/243 1109/1833/243
f 136/1878/264 135/1818/264 747/1819/264 748/1879/264
f 85/1880/265 84/1868/265 696/1869/265 697/1881/265
f 208/1882/266 207/1870/266 819/1871/266 820/1883/266
f 17/1884/267 16/1872/267 628/1873/267 629/1885/267
f 572/1850/268 571/1886/268 1183/1887/268 1184/1851/268
f 607/1854/269 606/1888/269 1218/1889/269 1219/1855/269
f 354/1890/270 353/1860/270 965/1863/270 966/1891/270
f 209/1892/58 208/1882/58 820/1883/58 821/1893/58
f 189/1894/271 188/1848/271 800/1849/271 801/1895/271
f 163/1896/272 162/1824/272 774/1825/272 775/1897/272
f 352/1861/273 351/1898/273 963/1899/273 964/1862/273
f 288/1864/274 287/1900/274 899/1901/274 900/1865/274
f 324/1866/275 323/1902/275 935/1903/275 936/1867/275
f 86/1904/276 85/1880/276 697/1881/276 698/1905/276
f 210/1906/277 209/1892/277 821/1893/277 822/1907/277
f 18/1908/278 17/1884/278 629/1885/278 630/1909/278
f 571/1886/279 570/1910/279 1182/1911/279 1183/1887/279
f 215/1852/280 214/1912/280 826/1913/280 827/1853/280
f 606/1888/281 605/1914/281 1217/1915/281 1218/1889/281
f 323/1902/282 322/1916/282 934/1917/282 935/1903/282
f 355/1918/283 354/1890/283 966/1891/283 967/1919/283
f 397/1920/284 396/1856/284 1008/1857/284 1009/1921/284
f 351/1898/285 350/1922/285 962/1923/285 963/1899/285
f 471/1874/286 470/1924/286 1082/1925/286 1083/1875/286
f 496/1876/287 495/1926/287 1107/1927/287 1108/1877/287
f 87/1928/32 86/1904/32 698/1905/32 699/1929/32
f 211/1930/288 210/1906/288 822/1907/288 823/1931/288
f 19/1932/289 18/1908/289 630/1909/289 631/1933/289
f 570/1910/245 569/1934/245 1181/1935/245 1182/1911/245
f 322/1916/290 321/1936/290 933/1937/290 934/1917/290
f 356/1938/291 355/1918/291 967/1919/291 968/1939/291
f 212/1940/292 211/1930/292 823/1931/292 824/1941/292
f 20/1942/293 19/1932/293 631/1933/293 632/1943/293
f 190/1944/294 189/1894/294 801/1895/294 802/1945/294
f 350/1922/295 349/1946/295 961/1947/295 962/1923/295
f 214/1912/296 213/1948/296 825/1949/296 826/1913/296
f 605/1914/297 604/1950/297 1216/1951/297 1217/1915/297
f 287/1900/298 286/1952/298 898/1953/298 899/1901/298
f 88/1954/18 87/1928/18 699/1929/18 700/1955/18
f 213/1948/219 212/1940/219 824/1941/219 825/1949/219
f 164/1956/299 163/1896/299 775/1897/299 776/1957/299
f 470/1924/300 469/1958/300 1081/1959/300 1082/1925/300
f 357/1960/301 356/1938/301 968/1939/301 969/1961/301
f 89/1962/302 88/1954/302 700/1955/302 701/1963/302
f 434/1964/303 433/1648/303 1045/1651/303 1046/1965/303
f 21/1966/304 20/1942/304 632/1943/304 633/1967/304
f 381/1968/305 380/1858/305 992/1859/305 993/1969/305
f 349/1946/306 348/1970/306 960/1971/306 961/1947/306
f 569/1934/307 568/1972/307 1180/1973/307 1181/1935/307
f 431/1660/107 430/1974/107 1042/1975/107 1043/1661/107
f 321/1936/308 320/1976/308 932/1977/308 933/1937/308
f 22/1978/309 21/1966/309 633/1967/309 634/1979/309
f 398/1980/310 397/1920/310 1009/1921/310 1010/1981/310
f 604/1950/311 603/1982/311 1215/1983/311 1216/1951/311
f 495/1926/312 494/1984/312 1106/1985/312 1107/1927/312
f 358/1986/313 357/1960/313 969/1961/313 970/1987/313
f 90/1988/24 89/1962/24 701/1963/24 702/1989/24
f 435/1990/314 434/1964/314 1046/1965/314 1047/1991/314
f 191/1992/315 190/1944/315 802/1945/315 803/1993/315
f 522/1838/316 521/1994/316 1133/1995/316 1134/1839/316
f 568/1972/317 567/1996/317 1179/1997/317 1180/1973/317
f 430/1974/35 429/1998/35 1041/1999/35 1042/1975/35
f 286/1952/318 285/2000/318 897/2001/318 898/1953/318
f 320/1976/319 319/2002/319 931/2003/319 932/1977/319
f 23/2004/320 22/1978/320 634/1979/320 635/2005/320
f 348/1970/321 347/2006/321 959/2007/321 960/1971/321
f 469/1958/322 468/2008/322 1080/2009/322 1081/1959/322
f 91/2010/323 90/1988/323 702/1989/323 703/2011/323
f 436/2012/324 435/1990/324 1047/1991/324 1048/2013/324
f 24/2014/325 23/2004/325 635/2005/325 636/2015/325
f 165/2016/326 164/1956/326 776/1957/326 777/2017/326
f 567/1996/327 566/2018/327 1178/2019/327 1179/1997/327
f 429/1998/136 428/2020/136 1040/2021/136 1041/1999/136
f 319/2002/319 318/2022/319 930/2023/319 931/2003/319
f 359/2024/328 358/1986/328 970/1987/328 971/2025/328
f 25/2026/329 24/2014/329 636/2015/329 637/2027/329
f 399/2028/330 398/1980/330 1010/1981/330 1011/2029/330
f 603/1982/331 602/2030/331 1214/2031/331 1215/1983/331
f 318/2022/332 317/2032/332 929/2033/332 930/2023/332
f 360/2034/333 359/2024/333 971/2025/333 972/2035/333
f 92/2036/334 91/2010/334 703/2011/334 704/2037/334
f 192/2038/335 191/1992/335 803/1993/335 804/2039/335
f 347/2006/336 346/2040/336 958/2041/336 959/2007/336
f 285/2000/337 284/2042/337 896/2043/337 897/2001/337
f 317/2032/332 316/2044/332 928/2045/332 929/2033/332
f 93/2046/338 92/2036/338 704/2037/338 705/2047/338
f 437/2048/339 436/2012/339 1048/2013/339 1049/2049/339
f 26/2050/340 25/2026/340 637/2027/340 638/2051/340
f 199/1780/341 198/1412/341 810/1415/341 811/1781/341
f 468/2008/342 467/2052/342 1079/2053/342 1080/2009/342
f 494/1984/343 493/2054/343 1105/2055/343 1106/1985/343
f 361/2056/344 360/2034/344 972/2035/344 973/2057/344
f 94/2058/338 93/2046/338 705/2047/338 706/2059/338
f 27/2060/113 26/2050/113 638/2051/113 639/2061/113
f 566/2018/345 565/2062/345 1177/2063/345 1178/2019/345
f 602/2030/346 601/2064/346 1213/2065/346 1214/2031/346
f 362/2066/347 361/2056/347 973/2057/347 974/2067/347
f 438/2068/348 437/2048/348 1049/2049/348 1050/2069/348
f 400/1623/349 399/2028/349 1011/2029/349 1012/1624/349
f 166/2070/350 165/2016/350 777/2017/350 778/2071/350
f 428/2020/351 427/2072/351 1039/2073/351 1040/2021/351
f 316/2044/352 315/2074/352 927/2075/352 928/2045/352
f 363/2076/353 362/2066/353 974/2067/353 975/2077/353
f 95/2078/334 94/2058/334 706/2059/334 707/2079/334
f 28/2080/354 27/2060/354 639/2061/354 640/2081/354
f 193/1698/355 192/2038/355 804/2039/355 805/1699/355
f 346/2040/356 345/2082/356 957/2083/356 958/2041/356
f 284/2042/357 283/2084/357 895/2085/357 896/2043/357
f 315/2074/352 314/2086/352 926/2087/352 927/2075/352
f 96/2088/334 95/2078/334 707/2079/334 708/2089/334
f 439/2090/358 438/2068/358 1050/2069/358 1051/2091/358
f 29/2092/359 28/2080/359 640/2081/359 641/2093/359
f 427/2072/360 426/2094/360 1038/2095/360 1039/2073/360
f 467/2052/361 466/1634/361 1078/1637/361 1079/2053/361
f 314/2086/352 313/2096/352 925/2097/352 926/2087/352
f 137/2098/362 136/1878/362 748/1879/362 749/2099/362
f 97/2100/334 96/2088/334 708/2089/334 709/2101/334
f 30/2102/363 29/2092/363 641/2093/363 642/2103/363
f 465/1635/364 464/1452/364 1076/1455/364 1077/1636/364
f 601/2064/365 600/2104/365 1212/2105/365 1213/2065/365
f 283/2084/197 282/2106/197 894/2107/197 895/2085/197
f 313/2096/352 312/2108/352 924/2109/352 925/2097/352
f 364/2110/366 363/2076/366 975/2077/366 976/2111/366
f 98/2112/334 97/2100/334 709/2101/334 710/2113/334
f 600/2104/77 599/2114/77 1211/2115/77 1212/2105/77
f 282/2106/367 281/2116/367 893/2117/367 894/2107/367
f 365/2118/368 364/2110/368 976/2111/368 977/2119/368
f 99/2120/334 98/2112/334 710/2113/334 711/2121/334
f 167/2122/369 166/2070/369 778/2071/369 779/2123/369
f 345/2082/370 344/2124/370 956/2125/370 957/2083/370
f 426/2094/371 425/2126/371 1037/2127/371 1038/2095/371
f 281/2116/367 280/2128/367 892/2129/367 893/2117/367
f 493/2054/372 492/2130/372 1104/2131/372 1105/2055/372
f 100/2132/334 99/2120/334 711/2121/334 712/2133/334
f 31/2134/373 30/2102/373 642/2103/373 643/2135/373
f 599/2114/374 598/2136/374 1210/2137/374 1211/2115/374
f 280/2128/375 279/2138/375 891/2139/375 892/2129/375
f 312/2108/352 311/2140/352 923/2141/352 924/2109/352
f 366/2142/376 365/2118/376 977/2119/376 978/2143/376
f 101/2144/334 100/2132/334 712/2133/334 713/2145/334
f 440/2146/377 439/2090/377 1051/2091/377 1052/2147/377
f 521/1994/378 520/2148/378 1132/2149/378 1133/1995/378
f 598/2136/60 597/2150/60 1209/2151/60 1210/2137/60
f 279/2138/375 278/2152/375 890/2153/375 891/2139/375
f 102/2154/379 101/2144/379 713/2145/379 714/2155/379
f 453/2156/380 452/2157/380 1064/2158/380 1065/2159/380
f 382/2160/381 381/1968/381 993/1969/381 994/2161/381
f 344/1221/382 343/2162/382 955/2163/382 956/609/382
f 565/2062/383 564/2164/383 1176/2165/383 1177/2063/383
f 452/2157/89 451/2166/89 1063/2167/89 1064/2158/89
f 278/2152/375 277/2168/375 889/2169/375 890/2153/375
f 311/2140/384 310/2170/384 922/2171/384 923/2141/384
f 32/2172/385 31/2134/385 643/2135/385 644/2173/385
f 597/2150/60 596/2174/60 1208/2175/60 1209/2151/60
f 277/2168/375 276/2176/375 888/2177/375 889/2169/375
f 310/2170/384 309/2178/384 921/2179/384 922/2171/384
f 367/2180/386 366/2142/386 978/2143/386 979/2181/386
f 103/2182/379 102/2154/379 714/2155/379 715/2183/379
f 405/2184/387 404/2185/387 1016/2186/387 1017/2187/387
f 404/2185/388 403/2188/388 1015/2189/388 1016/2186/388
f 596/2174/389 595/2190/389 1207/2191/389 1208/2175/389
f 276/2176/375 275/2192/375 887/2193/375 888/2177/375
f 368/2194/390 367/2180/390 979/2181/390 980/2195/390
f 104/2196/391 103/2182/391 715/2183/391 716/2197/391
f 168/2198/392 167/2122/392 779/2123/392 780/2199/392
f 275/2192/367 274/2200/367 886/2201/367 887/2193/367
f 309/2178/384 308/2202/384 920/2203/384 921/2179/384
f 369/2204/393 368/2205/393 980/2206/393 981/2207/393
f 105/2208/394 104/2196/394 716/2197/394 717/2209/394
f 406/2210/387 405/2184/387 1017/2187/387 1018/2211/387
f 33/2212/395 32/2172/395 644/2173/395 645/2213/395
f 595/2190/389 594/2214/389 1206/2215/389 1207/2191/389
f 274/2200/367 273/2216/367 885/2217/367 886/2201/367
f 308/2202/396 307/2218/396 919/2219/396 920/2203/396
f 138/2220/397 137/2098/397 749/2099/397 750/2221/397
f 106/2222/394 105/2208/394 717/2209/394 718/2223/394
f 454/2224/380 453/2156/380 1065/2159/380 1066/2225/380
f 520/2148/398 519/2226/398 1131/2227/398 1132/2149/398
f 425/2126/399 424/2228/399 1036/2229/399 1037/2127/399
f 273/2216/197 272/2230/197 884/2231/197 885/2217/197
f 492/2130/400 491/2232/400 1103/2233/400 1104/2131/400
f 107/2234/394 106/2222/394 718/2223/394 719/2235/394
f 34/2236/401 33/2212/401 645/2213/401 646/2237/401
f 343/2162/402 342/2238/402 954/2239/402 955/2163/402
f 564/2164/403 563/2240/403 1175/2241/403 1176/2165/403
f 594/2214/49 593/2242/49 1205/2243/49 1206/2215/49
f 272/2230/404 271/2244/404 883/2245/404 884/2231/404
f 407/2246/405 406/2210/405 1018/2211/405 1019/2247/405
f 169/2248/406 168/2198/406 780/2199/406 781/2249/406
f 519/2226/407 518/2250/407 1130/2251/407 1131/2227/407
f 451/2166/89 450/2252/89 1062/2253/89 1063/2167/89
f 271/2244/408 270/2254/408 882/2255/408 883/2245/408
f 307/2218/249 306/2256/249 918/2257/249 919/2219/249
f 108/2258/394 107/2234/394 719/2235/394 720/2259/394
f 35/2260/409 34/2236/409 646/2237/409 647/2261/409
f 593/2242/49 592/2262/49 1204/2263/49 1205/2243/49
f 270/2254/410 269/2264/410 881/2265/410 882/2255/410
f 491/2232/411 490/2266/411 1102/2267/411 1103/2233/411
f 370/2268/412 369/2204/412 981/2207/412 982/2269/412
f 109/2270/394 108/2258/394 720/2259/394 721/2271/394
f 408/2272/405 407/2246/405 1019/2247/405 1020/2273/405
f 139/2274/413 138/2220/413 750/2221/413 751/2275/413
f 110/2276/394 109/2270/394 721/2271/394 722/2277/394
f 409/2278/405 408/2272/405 1020/2273/405 1021/2279/405
f 36/2280/409 35/2260/409 647/2261/409 648/2281/409
f 230/1331/414 229/1376/414 841/1379/414 842/1332/414
f 170/2282/415 169/2248/415 781/2249/415 782/2283/415
f 342/2238/416 341/2284/416 953/2285/416 954/2239/416
f 592/2262/49 591/2286/49 1203/2287/49 1204/2263/49
f 111/2288/394 110/2276/394 722/2277/394 723/2289/394
f 455/2290/380 454/2224/380 1066/2225/380 1067/2291/380
f 383/2292/417 382/2160/417 994/2161/417 995/2293/417
f 518/2250/418 517/2294/418 1129/2295/418 1130/2251/418
f 563/2240/419 562/2296/419 1174/2297/419 1175/2241/419
f 269/2264/420 268/2298/420 880/2299/420 881/2265/420
f 306/2256/421 305/2300/421 917/2301/421 918/2257/421
f 441/2302/339 440/2146/339 1052/2147/339 1053/2303/339
f 37/2304/422 36/2280/422 648/2281/422 649/2305/422
f 591/2286/49 590/2306/49 1202/2307/49 1203/2287/49
f 268/2298/423 267/2308/423 879/2309/423 880/2299/423
f 371/2310/424 370/2268/424 982/2269/424 983/2311/424
f 112/2312/394 111/2288/394 723/2289/394 724/2313/394
f 410/2314/405 409/2278/405 1021/2279/405 1022/2315/405
f 171/2316/425 170/2282/425 782/2283/425 783/2317/425
f 450/2252/212 449/2318/212 1061/2319/212 1062/2253/212
f 267/2308/426 266/2320/426 878/2321/426 879/2309/426
f 490/2266/427 489/2322/427 1101/2323/427 1102/2267/427
f 140/2324/302 139/2274/302 751/2275/302 752/2325/302
f 113/2326/394 112/2312/394 724/2313/394 725/2327/394
f 38/2328/422 37/2304/422 649/2305/422 650/2329/422
f 341/2284/428 340/2330/428 952/2331/428 953/2285/428
f 424/2228/429 423/2332/429 1035/2333/429 1036/2229/429
f 590/2306/60 589/2334/60 1201/2335/60 1202/2307/60
f 266/2320/430 265/2336/430 877/2337/430 878/2321/430
f 114/2338/394 113/2326/394 725/2327/394 726/2339/394
f 172/2340/431 171/2316/431 783/2317/431 784/2341/431
f 517/2294/432 516/2342/432 1128/2343/432 1129/2295/432
f 265/2336/371 264/2344/371 876/2345/371 877/2337/371
f 305/2300/433 304/2346/433 916/2347/433 917/2301/433
f 115/2348/394 114/2338/394 726/2339/394 727/2349/394
f 411/2350/434 410/2314/434 1022/2315/434 1023/2351/434
f 39/2352/409 38/2328/409 650/2329/409 651/2353/409
f 516/2342/223 515/2354/223 1127/2355/223 1128/2343/223
f 562/2296/435 561/2356/435 1173/2357/435 1174/2297/435
f 403/2188/98 402/2358/98 1014/2359/98 1015/2189/98
f 589/2334/436 588/2360/436 1200/2361/436 1201/2335/436
f 489/2322/437 488/2362/437 1100/2363/437 1101/2323/437
f 402/2358/438 401/1622/438 1013/1625/438 1014/2359/438
f 255/2364/68 254/2365/68 866/2366/68 867/2367/68
f 340/2330/439 339/2368/439 951/2369/439 952/2331/439
f 116/2370/394 115/2348/394 727/2349/394 728/2371/394
f 456/2372/380 455/2290/380 1067/2291/380 1068/2373/380
f 40/2374/401 39/2352/401 651/2353/401 652/2375/401
f 384/2376/440 383/2292/440 995/2293/440 996/2377/440
f 264/2344/35 263/2378/35 875/2379/35 876/2345/35
f 372/1299/441 371/2310/441 983/2311/441 984/1300/441
f 117/2380/394 116/2370/394 728/2371/394 729/2381/394
f 412/2382/434 411/2350/434 1023/2351/434 1024/2383/434
f 41/2384/395 40/2374/395 652/2375/395 653/2385/395
f 173/2386/442 172/2340/442 784/2341/442 785/2387/442
f 561/2356/443 560/2388/443 1172/2389/443 1173/2357/443
f 304/2346/444 303/2390/444 915/2391/444 916/2347/444
f 141/2392/445 140/2324/445 752/2325/445 753/2393/445
f 413/2394/11 412/2382/11 1024/2383/11 1025/2395/11
f 42/2396/446 41/2384/446 653/2385/446 654/2397/446
f 256/2398/234 255/2364/234 867/2367/234 868/2399/234
f 449/2318/107 448/2400/107 1060/2401/107 1061/2319/107
f 254/2365/447 253/2402/447 865/2403/447 866/2366/447
f 488/2362/448 487/2404/448 1099/2405/448 1100/2363/448
f 142/2406/445 141/2392/445 753/2393/445 754/2407/445
f 118/2408/340 117/2380/340 729/2381/340 730/2409/340
f 43/2410/449 42/2396/449 654/2397/449 655/2411/449
f 560/2388/450 559/2412/450 1171/2413/450 1172/2389/450
f 143/2414/445 142/2406/445 754/2407/445 755/2415/445
f 414/2416/11 413/2394/11 1025/2395/11 1026/2417/11
f 44/2418/451 43/2410/451 655/2411/451 656/2419/451
f 257/2420/261 256/2398/261 868/2399/261 869/2421/261
f 174/2422/452 173/2386/452 785/2387/452 786/2423/452
f 515/2354/453 514/1244/453 1126/1247/453 1127/2355/453
f 423/2332/29 422/2424/29 1034/2425/29 1035/2333/29
f 253/2402/173 252/2426/173 864/2427/173 865/2403/173
f 303/2390/454 302/2428/454 914/2429/454 915/2391/454
f 119/2430/379 118/2408/379 730/2409/379 731/2431/379
f 45/2432/455 44/2418/455 656/2419/455 657/2433/455
f 559/2412/456 558/2434/456 1170/2435/456 1171/2413/456
f 144/2436/445 143/2414/445 755/2415/445 756/2437/445
f 457/1261/380 456/2372/380 1068/2373/380 1069/1262/380
f 46/2438/457 45/2432/457 657/2433/457 658/2439/457
f 258/2440/277 257/2420/277 869/2421/277 870/2441/277
f 385/1241/458 384/2376/458 996/2377/458 997/1242/458
f 558/2434/459 557/2442/459 1169/2443/459 1170/2435/459
f 588/2360/460 587/1248/460 1199/1251/460 1200/2361/460
f 252/2426/28 251/2444/28 863/2445/28 864/2427/28
f 487/2404/461 486/2446/461 1098/2447/461 1099/2405/461
f 145/2448/445 144/2436/445 756/2437/445 757/2449/445
f 442/1283/97 441/2302/97 1053/2303/97 1054/1284/97
f 339/2368/462 338/1318/462 950/1321/462 951/2369/462
f 120/2450/47 119/2430/47 731/2431/47 732/2451/47
f 415/1229/11 414/2416/11 1026/2417/11 1027/1230/11
f 47/2452/463 46/2438/463 658/2439/463 659/2453/463
f 259/1237/70 258/2440/70 870/2441/70 871/1238/70
f 175/1265/464 174/2422/464 786/2423/464 787/1266/464
f 557/2442/465 556/2454/465 1168/2455/465 1169/2443/465
f 448/2400/254 447/1288/254 1059/1291/254 1060/2401/254
f 251/2444/254 250/1252/254 862/1255/254 863/2445/254
f 302/2428/466 301/1294/466 913/1297/466 914/2429/466
f 146/2456/467 145/2448/467 757/2449/467 758/2457/467
f 48/2458/468 47/2452/468 659/2453/468 660/2459/468
f 422/2424/469 421/1322/469 1033/1325/469 1034/2425/469
f 263/2378/107 262/1272/107 874/1275/107 875/2379/107
f 486/2446/470 485/1276/470 1097/1279/470 1098/2447/470
f 147/1225/10 146/2456/10 758/2457/10 759/1226/10
f 121/1257/445 120/2450/445 732/2451/445 733/1258/445
f 49/1233/471 48/2458/471 660/2459/471 661/1234/471
f 556/2454/472 555/1268/472 1167/1271/472 1168/2455/472
